algo,size(bytes),avg_proc_time(ms),std_err(ms)
shamir,10,0.0182,0.0003
shamir,20,0.0115,0.0003
shamir,30,0.0115,0.0004
shamir,40,0.0215,0.0007
shamir,50,0.0203,0.0006
shamir,60,0.0193,0.0003
shamir,70,0.0192,0.0003
shamir,80,0.0199,0.0004
shamir,90,0.0205,0.0006
shamir,100,0.0196,0.0002
shamir,110,0.0150,0.0003
shamir,120,0.0205,0.0005
shamir,130,0.0234,0.0008
shamir,140,0.0182,0.0004
shamir,150,0.0192,0.0002
shamir,160,0.0199,0.0005
shamir,170,0.0200,0.0003
shamir,180,0.0176,0.0006
shamir,190,0.0219,0.0003
shamir,200,0.0215,0.0008
shamir,210,0.0216,0.0002
shamir,220,0.0221,0.0003
shamir,230,0.0222,0.0002
shamir,240,0.0215,0.0004
shamir,250,0.0231,0.0006
shamir,260,0.0237,0.0007
shamir,270,0.0232,0.0003
shamir,280,0.0214,0.0003
shamir,290,0.0246,0.0007
shamir,300,0.0239,0.0004
shamir,310,0.0241,0.0004
shamir,320,0.0238,0.0004
shamir,330,0.0238,0.0002
shamir,340,0.0248,0.0006
shamir,350,0.0210,0.0002
shamir,360,0.0307,0.0007
shamir,370,0.0249,0.0003
shamir,380,0.0238,0.0004
shamir,390,0.0249,0.0003
shamir,400,0.0248,0.0002
shamir,410,0.0261,0.0006
shamir,420,0.0157,0.0001
shamir,430,0.0258,0.0003
shamir,440,0.0260,0.0002
shamir,450,0.0260,0.0004
shamir,460,0.0259,0.0002
shamir,470,0.0270,0.0006
shamir,480,0.0263,0.0002
shamir,490,0.0268,0.0004
shamir,500,0.0278,0.0006
shamir,510,0.0277,0.0007
shamir,520,0.0279,0.0004
shamir,530,0.0279,0.0006
shamir,540,0.0281,0.0004
shamir,550,0.0282,0.0005
shamir,560,0.0282,0.0004
shamir,570,0.0280,0.0002
shamir,580,0.0287,0.0004
shamir,590,0.0204,0.0002
shamir,600,0.0205,0.0005
shamir,610,0.0296,0.0005
shamir,620,0.0298,0.0006
shamir,630,0.0300,0.0004
shamir,640,0.0288,0.0002
shamir,650,0.0299,0.0005
shamir,660,0.0277,0.0003
shamir,670,0.0282,0.0005
shamir,680,0.0280,0.0005
shamir,690,0.0265,0.0005
shamir,700,0.0314,0.0007
shamir,710,0.0313,0.0005
shamir,720,0.0303,0.0002
shamir,730,0.0313,0.0005
shamir,740,0.0317,0.0007
shamir,750,0.0288,0.0003
shamir,760,0.0314,0.0002
shamir,770,0.0333,0.0009
shamir,780,0.0334,0.0008
shamir,790,0.0327,0.0004
shamir,800,0.0247,0.0004
shamir,810,0.0326,0.0004
shamir,820,0.0323,0.0002
shamir,830,0.0380,0.0013
shamir,840,0.0335,0.0005
shamir,850,0.0332,0.0004
shamir,860,0.0312,0.0004
shamir,870,0.0340,0.0004
shamir,880,0.0341,0.0004
shamir,890,0.0315,0.0002
shamir,900,0.0167,0.0002
shamir,910,0.0352,0.0006
shamir,920,0.0347,0.0003
shamir,930,0.0347,0.0004
shamir,940,0.0356,0.0006
shamir,950,0.0350,0.0003
shamir,960,0.0241,0.0012
shamir,970,0.0361,0.0005
shamir,980,0.0301,0.0003
shamir,990,0.0360,0.0004
shamir,1000,0.0290,0.0003
shamir,1010,0.0358,0.0003
shamir,1020,0.0369,0.0004
shamir,1030,0.0370,0.0006
shamir,1040,0.0349,0.0007
shamir,1050,0.0370,0.0004
shamir,1060,0.0338,0.0004
shamir,1070,0.0374,0.0005
shamir,1080,0.0378,0.0005
shamir,1090,0.0374,0.0004
shamir,1100,0.0373,0.0004
shamir,1110,0.0311,0.0011
shamir,1120,0.0377,0.0003
shamir,1130,0.0353,0.0005
shamir,1140,0.0411,0.0013
shamir,1150,0.0390,0.0005
shamir,1160,0.0334,0.0005
shamir,1170,0.0389,0.0004
shamir,1180,0.0335,0.0005
shamir,1190,0.0393,0.0005
shamir,1200,0.0400,0.0006
shamir,1210,0.0392,0.0004
shamir,1220,0.0395,0.0004
shamir,1230,0.0397,0.0004
shamir,1240,0.0409,0.0007
shamir,1250,0.0398,0.0005
shamir,1260,0.0404,0.0004
shamir,1270,0.0271,0.0003
shamir,1280,0.0407,0.0005
shamir,1290,0.0419,0.0007
shamir,1300,0.0347,0.0003
shamir,1310,0.0354,0.0004
shamir,1320,0.0367,0.0005
shamir,1330,0.0389,0.0006
shamir,1340,0.0383,0.0004
shamir,1350,0.0418,0.0006
shamir,1360,0.0276,0.0003
shamir,1370,0.0426,0.0005
shamir,1380,0.0424,0.0004
shamir,1390,0.0427,0.0004
shamir,1400,0.0430,0.0004
shamir,1410,0.0435,0.0007
shamir,1420,0.0376,0.0004
shamir,1430,0.0432,0.0004
shamir,1440,0.0372,0.0004
shamir,1450,0.0321,0.0002
shamir,1460,0.0459,0.0008
shamir,1470,0.0418,0.0006
shamir,1480,0.0417,0.0006
shamir,1490,0.0449,0.0005
shamir,1500,0.0458,0.0006
shamir,1510,0.0407,0.0003
shamir,1520,0.0418,0.0004
shamir,1530,0.0445,0.0003
shamir,1540,0.0470,0.0010
shamir,1550,0.0461,0.0007
shamir,1560,0.0455,0.0007
shamir,1570,0.0454,0.0006
shamir,1580,0.0456,0.0006
shamir,1590,0.0458,0.0005
shamir,1600,0.0461,0.0008
shamir,1610,0.0457,0.0005
shamir,1620,0.0370,0.0004
shamir,1630,0.0466,0.0006
shamir,1640,0.0466,0.0006
shamir,1650,0.0309,0.0003
shamir,1660,0.0470,0.0005
shamir,1670,0.0475,0.0007
shamir,1680,0.0470,0.0006
shamir,1690,0.0478,0.0006
shamir,1700,0.0482,0.0007
shamir,1710,0.0479,0.0007
shamir,1720,0.0195,0.0006
shamir,1730,0.0488,0.0003
shamir,1740,0.0203,0.0006
shamir,1750,0.0497,0.0005
shamir,1760,0.0495,0.0004
shamir,1770,0.0495,0.0005
shamir,1780,0.0497,0.0006
shamir,1790,0.0501,0.0007
shamir,1800,0.0522,0.0010
shamir,1810,0.0514,0.0008
shamir,1820,0.0511,0.0007
shamir,1830,0.0515,0.0004
shamir,1840,0.0512,0.0004
shamir,1850,0.0423,0.0008
shamir,1860,0.0510,0.0004
shamir,1870,0.0526,0.0005
shamir,1880,0.0527,0.0006
shamir,1890,0.0518,0.0005
shamir,1900,0.0518,0.0004
shamir,1910,0.0459,0.0007
shamir,1920,0.0525,0.0004
shamir,1930,0.0527,0.0004
shamir,1940,0.0524,0.0005
shamir,1950,0.0532,0.0006
shamir,1960,0.0440,0.0021
shamir,1970,0.0193,0.0002
shamir,1980,0.0541,0.0005
shamir,1990,0.0531,0.0004
shamir,2000,0.0534,0.0002
shamir,2010,0.0543,0.0004
shamir,2020,0.0314,0.0002
shamir,2030,0.0496,0.0004
shamir,2040,0.0552,0.0005
shamir,2050,0.0545,0.0008
shamir,2060,0.0551,0.0011
shamir,2070,0.0526,0.0006
shamir,2080,0.0509,0.0007
shamir,2090,0.0515,0.0006
shamir,2100,0.0515,0.0007
shamir,2110,0.0517,0.0007
shamir,2120,0.0553,0.0008
shamir,2130,0.0465,0.0019
shamir,2140,0.0264,0.0003
shamir,2150,0.0549,0.0005
shamir,2160,0.0266,0.0003
shamir,2170,0.0576,0.0012
shamir,2180,0.0365,0.0006
shamir,2190,0.0349,0.0003
shamir,2200,0.0565,0.0006
shamir,2210,0.0428,0.0006
shamir,2220,0.0521,0.0005
shamir,2230,0.0567,0.0007
shamir,2240,0.0515,0.0005
shamir,2250,0.0471,0.0006
shamir,2260,0.0270,0.0004
shamir,2270,0.0578,0.0007
shamir,2280,0.0479,0.0009
shamir,2290,0.0510,0.0007
shamir,2300,0.0582,0.0007
shamir,2310,0.0413,0.0007
shamir,2320,0.0600,0.0007
shamir,2330,0.0596,0.0007
shamir,2340,0.0598,0.0007
shamir,2350,0.0554,0.0006
shamir,2360,0.0472,0.0013
shamir,2370,0.0596,0.0008
shamir,2380,0.0594,0.0005
shamir,2390,0.0595,0.0005
shamir,2400,0.0598,0.0005
shamir,2410,0.0622,0.0008
shamir,2420,0.0602,0.0006
shamir,2430,0.0399,0.0005
shamir,2440,0.0632,0.0012
shamir,2450,0.0619,0.0006
shamir,2460,0.0484,0.0010
shamir,2470,0.0536,0.0006
shamir,2480,0.0626,0.0007
shamir,2490,0.0585,0.0011
shamir,2500,0.0477,0.0006
shamir,2510,0.0618,0.0005
shamir,2520,0.0462,0.0003
shamir,2530,0.0626,0.0005
shamir,2540,0.0476,0.0004
shamir,2550,0.0572,0.0003
shamir,2560,0.0504,0.0004
shamir,2570,0.0500,0.0003
shamir,2580,0.0478,0.0003
shamir,2590,0.0654,0.0009
shamir,2600,0.0642,0.0007
shamir,2610,0.0639,0.0006
shamir,2620,0.0646,0.0006
shamir,2630,0.0602,0.0008
shamir,2640,0.0449,0.0004
shamir,2650,0.0650,0.0005
shamir,2660,0.0592,0.0005
shamir,2670,0.0562,0.0005
shamir,2680,0.0639,0.0003
shamir,2690,0.0646,0.0007
shamir,2700,0.0630,0.0012
shamir,2710,0.0618,0.0009
shamir,2720,0.0667,0.0006
shamir,2730,0.0669,0.0004
shamir,2740,0.0645,0.0013
shamir,2750,0.0675,0.0004
shamir,2760,0.0679,0.0005
shamir,2770,0.0674,0.0005
shamir,2780,0.0454,0.0002
shamir,2790,0.0681,0.0008
shamir,2800,0.0582,0.0003
shamir,2810,0.0676,0.0006
shamir,2820,0.0400,0.0003
shamir,2830,0.0643,0.0008
shamir,2840,0.0693,0.0005
shamir,2850,0.0672,0.0005
shamir,2860,0.0674,0.0005
shamir,2870,0.0642,0.0006
shamir,2880,0.0667,0.0013
shamir,2890,0.0640,0.0009
shamir,2900,0.0490,0.0028
shamir,2910,0.0629,0.0011
shamir,2920,0.0659,0.0008
shamir,2930,0.0562,0.0004
shamir,2940,0.0699,0.0003
shamir,2950,0.0429,0.0003
shamir,2960,0.0701,0.0004
shamir,2970,0.0668,0.0015
shamir,2980,0.0522,0.0004
shamir,2990,0.0602,0.0007
shamir,3000,0.0699,0.0004
shamir,3010,0.0704,0.0007
shamir,3020,0.0701,0.0004
shamir,3030,0.0710,0.0005
shamir,3040,0.0700,0.0003
shamir,3050,0.0659,0.0002
shamir,3060,0.0728,0.0006
shamir,3070,0.0540,0.0020
shamir,3080,0.0719,0.0010
shamir,3090,0.0734,0.0008
shamir,3100,0.0278,0.0007
shamir,3110,0.0734,0.0008
shamir,3120,0.0712,0.0005
shamir,3130,0.0685,0.0007
shamir,3140,0.0704,0.0011
shamir,3150,0.0724,0.0007
shamir,3160,0.0725,0.0005
shamir,3170,0.0415,0.0003
shamir,3180,0.0416,0.0003
shamir,3190,0.0714,0.0012
shamir,3200,0.0739,0.0007
shamir,3210,0.0709,0.0010
shamir,3220,0.0753,0.0008
shamir,3230,0.0577,0.0008
shamir,3240,0.0508,0.0005
shamir,3250,0.0732,0.0011
shamir,3260,0.0759,0.0007
shamir,3270,0.0448,0.0004
shamir,3280,0.0753,0.0009
shamir,3290,0.0450,0.0004
shamir,3300,0.0751,0.0010
shamir,3310,0.0411,0.0004
shamir,3320,0.0751,0.0013
shamir,3330,0.0767,0.0008
shamir,3340,0.0773,0.0007
shamir,3350,0.0770,0.0010
shamir,3360,0.0435,0.0004
shamir,3370,0.0443,0.0009
shamir,3380,0.0780,0.0008
shamir,3390,0.0725,0.0008
shamir,3400,0.0768,0.0010
shamir,3410,0.0780,0.0009
shamir,3420,0.0786,0.0009
shamir,3430,0.0705,0.0006
shamir,3440,0.0677,0.0008
shamir,3450,0.0791,0.0010
shamir,3460,0.0796,0.0010
shamir,3470,0.0800,0.0009
shamir,3480,0.0788,0.0007
shamir,3490,0.0820,0.0012
shamir,3500,0.0799,0.0009
shamir,3510,0.0716,0.0010
shamir,3520,0.0807,0.0008
shamir,3530,0.0797,0.0007
shamir,3540,0.0809,0.0008
shamir,3550,0.0311,0.0004
shamir,3560,0.0820,0.0011
shamir,3570,0.0801,0.0007
shamir,3580,0.0821,0.0009
shamir,3590,0.0816,0.0007
shamir,3600,0.0716,0.0004
shamir,3610,0.0631,0.0003
shamir,3620,0.0542,0.0013
shamir,3630,0.0657,0.0003
shamir,3640,0.0838,0.0004
shamir,3650,0.0488,0.0003
shamir,3660,0.0843,0.0005
shamir,3670,0.0819,0.0002
shamir,3680,0.0830,0.0009
shamir,3690,0.0832,0.0010
shamir,3700,0.0766,0.0013
shamir,3710,0.0843,0.0005
shamir,3720,0.0782,0.0005
shamir,3730,0.0855,0.0005
shamir,3740,0.0857,0.0006
shamir,3750,0.0858,0.0007
shamir,3760,0.0500,0.0003
shamir,3770,0.0426,0.0002
shamir,3780,0.0779,0.0017
shamir,3790,0.0632,0.0003
shamir,3800,0.0861,0.0005
shamir,3810,0.0711,0.0007
shamir,3820,0.0868,0.0006
shamir,3830,0.0875,0.0008
shamir,3840,0.0849,0.0004
shamir,3850,0.0791,0.0018
shamir,3860,0.0792,0.0004
shamir,3870,0.0759,0.0016
shamir,3880,0.0867,0.0005
shamir,3890,0.0794,0.0005
shamir,3900,0.0518,0.0003
shamir,3910,0.0868,0.0006
shamir,3920,0.0822,0.0006
shamir,3930,0.0714,0.0004
shamir,3940,0.0515,0.0003
shamir,3950,0.0827,0.0005
shamir,3960,0.0889,0.0004
shamir,3970,0.0894,0.0005
shamir,3980,0.0872,0.0003
shamir,3990,0.0881,0.0004
shamir,4000,0.0891,0.0004
shamir,4010,0.0881,0.0004
shamir,4020,0.0883,0.0005
shamir,4030,0.0663,0.0004
shamir,4040,0.0826,0.0009
shamir,4050,0.0569,0.0010
shamir,4060,0.0759,0.0004
shamir,4070,0.0761,0.0003
shamir,4080,0.0919,0.0007
shamir,4090,0.0724,0.0006
shamir,4100,0.0774,0.0060
shamir,4110,0.0991,0.0051
shamir,4120,0.0983,0.0052
shamir,4130,0.0935,0.0045
shamir,4140,0.1000,0.0054
shamir,4150,0.0991,0.0053
shamir,4160,0.0892,0.0042
shamir,4170,0.1021,0.0058
shamir,4180,0.0583,0.0048
shamir,4190,0.0941,0.0051
shamir,4200,0.0843,0.0047
shamir,4210,0.1016,0.0066
shamir,4220,0.0974,0.0046
shamir,4230,0.0937,0.0052
shamir,4240,0.0918,0.0049
shamir,4250,0.0958,0.0044
shamir,4260,0.0680,0.0037
shamir,4270,0.0811,0.0043
shamir,4280,0.1023,0.0060
shamir,4290,0.0982,0.0045
shamir,4300,0.0993,0.0049
shamir,4310,0.1015,0.0050
shamir,4320,0.0909,0.0059
shamir,4330,0.1005,0.0057
shamir,4340,0.0718,0.0048
shamir,4350,0.0955,0.0063
shamir,4360,0.1020,0.0049
shamir,4370,0.0997,0.0042
shamir,4380,0.1019,0.0054
shamir,4390,0.1046,0.0058
shamir,4400,0.0679,0.0040
shamir,4410,0.1023,0.0052
shamir,4420,0.0996,0.0039
shamir,4430,0.0733,0.0061
shamir,4440,0.1060,0.0050
shamir,4450,0.1019,0.0048
shamir,4460,0.1034,0.0041
shamir,4470,0.0903,0.0048
shamir,4480,0.0869,0.0049
shamir,4490,0.0915,0.0033
shamir,4500,0.0793,0.0061
shamir,4510,0.0884,0.0037
shamir,4520,0.1038,0.0041
shamir,4530,0.0920,0.0054
shamir,4540,0.1075,0.0055
shamir,4550,0.0564,0.0053
shamir,4560,0.1059,0.0075
shamir,4570,0.0918,0.0047
shamir,4580,0.0816,0.0037
shamir,4590,0.0730,0.0037
shamir,4600,0.1045,0.0049
shamir,4610,0.1059,0.0046
shamir,4620,0.0832,0.0030
shamir,4630,0.0709,0.0047
shamir,4640,0.0998,0.0039
shamir,4650,0.0662,0.0058
shamir,4660,0.0839,0.0046
shamir,4670,0.0933,0.0031
shamir,4680,0.0900,0.0035
shamir,4690,0.1091,0.0043
shamir,4700,0.0864,0.0059
shamir,4710,0.0945,0.0051
shamir,4720,0.0464,0.0049
shamir,4730,0.1096,0.0065
shamir,4740,0.1072,0.0052
shamir,4750,0.0438,0.0037
shamir,4760,0.1067,0.0046
shamir,4770,0.1023,0.0039
shamir,4780,0.1072,0.0039
shamir,4790,0.0990,0.0044
shamir,4800,0.0758,0.0049
shamir,4810,0.0874,0.0041
shamir,4820,0.0890,0.0049
shamir,4830,0.1088,0.0046
shamir,4840,0.1110,0.0045
shamir,4850,0.0699,0.0069
shamir,4860,0.1099,0.0045
shamir,4870,0.0707,0.0064
shamir,4880,0.1133,0.0037
shamir,4890,0.0731,0.0051
shamir,4900,0.0604,0.0057
shamir,4910,0.1061,0.0046
shamir,4920,0.1118,0.0041
shamir,4930,0.0811,0.0044
shamir,4940,0.1082,0.0049
shamir,4950,0.1136,0.0046
shamir,4960,0.0708,0.0045
shamir,4970,0.0711,0.0053
shamir,4980,0.1128,0.0054
shamir,4990,0.1016,0.0043
shamir,5000,0.1105,0.0051
shamir,6000,0.1321,0.0060
shamir,7000,0.1233,0.0068
shamir,8000,0.1605,0.0066
shamir,9000,0.1751,0.0069
shamir,10000,0.2018,0.0072
shamir,11000,0.2047,0.0078
shamir,12000,0.1761,0.0080
shamir,13000,0.2599,0.0066
shamir,14000,0.2392,0.0122
shamir,15000,0.2460,0.0070
shamir,16000,0.2910,0.0105
shamir,17000,0.3171,0.0115
shamir,18000,0.3214,0.0096
shamir,19000,0.3833,0.0100
shamir,20000,0.3501,0.0118
shamir,21000,0.2928,0.0147
shamir,22000,0.3321,0.0183
shamir,23000,0.3747,0.0130
shamir,24000,0.4408,0.0123
shamir,25000,0.4764,0.0118
shamir,26000,0.4114,0.0150
shamir,27000,0.5032,0.0129
shamir,28000,0.5169,0.0105
shamir,29000,0.4409,0.0175
shamir,30000,0.5176,0.0172
shamir,31000,0.4839,0.0225
shamir,32000,0.4834,0.0213
shamir,33000,0.6281,0.0162
shamir,34000,0.5960,0.0199
shamir,35000,0.6518,0.0145
shamir,36000,0.6518,0.0187
shamir,37000,0.4768,0.0247
shamir,38000,0.6395,0.0249
shamir,39000,0.6641,0.0267
shamir,40000,0.6886,0.0217
shamir,41000,0.7318,0.0228
shamir,42000,0.6843,0.0268
shamir,43000,0.7255,0.0246
shamir,44000,0.6356,0.0265
shamir,45000,0.6541,0.0342
shamir,46000,0.7047,0.0339
shamir,47000,0.7774,0.0324
shamir,48000,0.7968,0.0229
shamir,49000,0.8730,0.0238
shamir,50000,0.7714,0.0307
shamir,51000,0.8687,0.0272
shamir,52000,0.9019,0.0240
shamir,53000,0.8349,0.0293
shamir,54000,0.7888,0.0416
shamir,55000,0.9763,0.0244
shamir,56000,0.8973,0.0275
shamir,57000,0.9090,0.0263
shamir,58000,0.9338,0.0311
shamir,59000,1.0510,0.0243
shamir,60000,1.0027,0.0257
shamir,61000,0.9349,0.0383
shamir,62000,1.0896,0.0271
shamir,63000,1.1103,0.0225
shamir,64000,1.0502,0.0350
shamir,65000,1.0033,0.0395
shamir,66000,1.1273,0.0294
shamir,67000,1.1137,0.0292
shamir,68000,1.1773,0.0300
shamir,69000,1.1432,0.0305
shamir,70000,1.1819,0.0364
shamir,71000,1.2116,0.0233
shamir,72000,1.1819,0.0330
shamir,73000,1.1317,0.0394
shamir,74000,1.2514,0.0309
shamir,75000,1.3672,0.0257
shamir,76000,1.2884,0.0336
shamir,77000,1.1916,0.0435
shamir,78000,1.2369,0.0351
shamir,79000,1.2596,0.0282
shamir,80000,1.2414,0.0438
shamir,81000,1.3197,0.0361
shamir,82000,1.3403,0.0434
shamir,83000,1.4153,0.0332
shamir,84000,1.1504,0.0470
shamir,85000,1.4004,0.0377
shamir,86000,1.3299,0.0492
shamir,87000,1.2831,0.0520
shamir,88000,1.4545,0.0387
shamir,89000,1.3244,0.0526
shamir,90000,1.4830,0.0359
shamir,91000,1.4180,0.0406
shamir,92000,1.5435,0.0322
shamir,93000,1.4200,0.0496
shamir,94000,1.4771,0.0413
shamir,95000,1.5444,0.0466
shamir,96000,1.6731,0.0345
shamir,97000,1.5230,0.0512
shamir,98000,1.4739,0.0447
shamir,99000,1.4824,0.0542
shamir,100000,1.7866,0.0278
shamir,101000,1.6038,0.0431
shamir,102000,1.3849,0.0557
shamir,103000,1.7222,0.0362
shamir,104000,1.2558,0.0621
shamir,105000,1.5880,0.0465
shamir,106000,1.4887,0.0750
shamir,107000,1.6009,0.0611
shamir,108000,1.7672,0.0471
shamir,109000,1.8300,0.0450
shamir,110000,1.6592,0.0528
shamir,111000,1.6643,0.0564
shamir,112000,1.7730,0.0522
shamir,113000,1.7367,0.0586
shamir,114000,1.7690,0.0569
shamir,115000,1.6264,0.0617
shamir,116000,1.8705,0.0595
shamir,117000,1.8742,0.0373
shamir,118000,1.8475,0.0522
shamir,119000,1.7495,0.0578
shamir,120000,1.9182,0.0781
shamir,121000,1.7168,0.0752
shamir,122000,1.7253,0.0651
shamir,123000,2.0897,0.0471
shamir,124000,1.9608,0.0659
shamir,125000,1.9600,0.0613
shamir,126000,2.0411,0.0504
shamir,127000,1.8336,0.0857
shamir,128000,1.8829,0.0722
shamir,129000,2.0464,0.0604
shamir,130000,2.1408,0.0632
shamir,131000,2.1255,0.0578
shamir,132000,2.1109,0.0686
shamir,133000,2.0554,0.0518
shamir,134000,2.0114,0.0532
shamir,135000,1.9511,0.0746
shamir,136000,2.1687,0.0502
shamir,137000,1.9449,0.0752
shamir,138000,2.2715,0.0639
shamir,139000,2.2219,0.0686
shamir,140000,2.3197,0.0667
shamir,141000,2.3032,0.0625
shamir,142000,2.0671,0.0843
shamir,143000,2.3020,0.0664
shamir,144000,2.3214,0.0735
shamir,145000,2.1186,0.0932
shamir,146000,2.3031,0.0546
shamir,147000,2.2129,0.0816
shamir,148000,2.1087,0.0757
shamir,149000,2.2865,0.0941
shamir,150000,2.1489,0.0770
shamir,151000,2.2176,0.0839
shamir,152000,2.3186,0.0633
shamir,153000,2.4668,0.0717
shamir,154000,2.6492,0.0684
shamir,155000,1.9988,0.0947
shamir,156000,2.3146,0.1038
shamir,157000,2.1091,0.1034
shamir,158000,2.4464,0.0761
shamir,159000,2.4586,0.0735
shamir,160000,2.3362,0.0895
shamir,161000,2.2210,0.0676
shamir,162000,2.2828,0.0811
shamir,163000,2.3786,0.0990
shamir,164000,2.1226,0.0754
shamir,165000,2.5117,0.0802
shamir,166000,2.5392,0.0881
shamir,167000,2.8053,0.0666
shamir,168000,2.4242,0.0668
shamir,169000,2.4814,0.0705
shamir,170000,2.8590,0.0555
shamir,171000,2.6495,0.0943
shamir,172000,2.5949,0.1047
shamir,173000,2.8096,0.0719
shamir,174000,2.5666,0.0937
shamir,175000,2.6163,0.0736
shamir,176000,2.3823,0.0787
shamir,177000,2.5682,0.0948
shamir,178000,2.7436,0.0677
shamir,179000,2.4095,0.0795
shamir,180000,2.5404,0.0929
shamir,181000,2.7484,0.0620
shamir,182000,2.7497,0.1068
shamir,183000,2.6415,0.1175
shamir,184000,3.0106,0.0580
shamir,185000,2.5449,0.0893
shamir,186000,3.0826,0.0470
shamir,187000,2.6647,0.1097
shamir,188000,2.5842,0.0878
shamir,189000,2.7222,0.0872
shamir,190000,2.8193,0.0836
shamir,191000,2.8442,0.1026
shamir,192000,2.9644,0.0891
shamir,193000,2.7143,0.0819
shamir,194000,2.5992,0.0931
shamir,195000,2.7137,0.1128
shamir,196000,2.5823,0.1111
shamir,197000,2.8198,0.1059
shamir,198000,2.7413,0.1013
shamir,199000,2.5215,0.1147
shamir,200000,2.8958,0.1122
shamir,201000,2.6326,0.1176
shamir,202000,2.8639,0.1233
shamir,203000,2.9383,0.1338
shamir,204000,2.9787,0.1112
shamir,205000,2.7704,0.1184
shamir,206000,2.8893,0.1114
shamir,207000,3.0854,0.1451
shamir,208000,3.0823,0.0876
shamir,209000,2.9867,0.1160
shamir,210000,3.0047,0.1114
shamir,211000,3.3636,0.0954
shamir,212000,2.9853,0.1106
shamir,213000,3.3556,0.1050
shamir,214000,3.2185,0.1025
shamir,215000,3.4411,0.1118
shamir,216000,3.2406,0.1180
shamir,217000,3.1020,0.1304
shamir,218000,3.0664,0.1392
shamir,219000,3.0601,0.1188
shamir,220000,3.0701,0.1328
shamir,221000,3.7743,0.0811
shamir,222000,3.0526,0.1040
shamir,223000,2.9899,0.1307
shamir,224000,3.3905,0.1169
shamir,225000,3.0927,0.1255
shamir,226000,3.4205,0.1161
shamir,227000,3.5676,0.1150
shamir,228000,3.1069,0.1282
shamir,229000,2.9208,0.1396
shamir,230000,3.3434,0.1222
shamir,231000,3.4795,0.1239
shamir,232000,3.3391,0.1175
shamir,233000,3.5597,0.1275
shamir,234000,3.4420,0.1350
shamir,235000,3.6315,0.1038
shamir,236000,3.5263,0.1305
shamir,237000,3.3730,0.1148
shamir,238000,3.4916,0.1256
shamir,239000,3.2229,0.1440
shamir,240000,3.4246,0.1228
shamir,241000,3.0182,0.1239
shamir,242000,3.2872,0.1029
shamir,243000,3.1192,0.1390
shamir,244000,3.0906,0.1368
shamir,245000,3.1884,0.1448
shamir,246000,2.9728,0.1497
shamir,247000,3.0878,0.1192
shamir,248000,3.3445,0.1360
shamir,249000,3.3929,0.1532
shamir,250000,3.5032,0.1365
shamir,251000,3.5264,0.1370
shamir,252000,3.0847,0.1389
shamir,253000,3.1761,0.1372
shamir,254000,3.4759,0.1426
shamir,255000,3.2196,0.1547
shamir,256000,3.0276,0.1551
shamir,257000,3.3201,0.1334
shamir,258000,3.2708,0.1563
shamir,259000,3.1776,0.1374
shamir,260000,3.0915,0.1470
shamir,261000,3.3112,0.1609
shamir,262000,3.3310,0.1724
shamir,263000,3.8470,0.1372
shamir,264000,3.3007,0.1486
shamir,265000,3.1590,0.1526
shamir,266000,3.3657,0.1415
shamir,267000,3.5273,0.1576
shamir,268000,3.6201,0.1513
shamir,269000,3.7828,0.1323
shamir,270000,3.4392,0.1196
shamir,271000,3.7388,0.1453
shamir,272000,3.5938,0.1552
shamir,273000,3.8695,0.1534
shamir,274000,3.1892,0.1388
shamir,275000,3.7817,0.1461
shamir,276000,3.8447,0.1207
shamir,277000,3.5450,0.1605
shamir,278000,3.6359,0.1520
shamir,279000,3.7757,0.1311
shamir,280000,4.0971,0.1287
shamir,281000,4.0748,0.1605
shamir,282000,3.6919,0.1517
shamir,283000,3.5157,0.1519
shamir,284000,3.6265,0.1553
shamir,285000,3.7592,0.1445
shamir,286000,3.7638,0.1471
shamir,287000,3.6175,0.1703
shamir,288000,3.9532,0.1634
shamir,289000,3.9153,0.1143
shamir,290000,4.1619,0.1417
shamir,291000,4.0762,0.1395
shamir,292000,3.9977,0.1572
shamir,293000,3.3699,0.1873
shamir,294000,4.1678,0.1571
shamir,295000,4.2161,0.1526
shamir,296000,3.8993,0.1633
shamir,297000,4.0090,0.1627
shamir,298000,3.4837,0.1366
shamir,299000,3.8260,0.1573
shamir,300000,3.7183,0.1522
shamir,301000,3.7664,0.1633
shamir,302000,3.7329,0.1438
shamir,303000,3.4815,0.1643
shamir,304000,3.9105,0.1739
shamir,305000,4.1549,0.1687
shamir,306000,3.4726,0.1616
shamir,307000,3.8093,0.1756
shamir,308000,4.2835,0.1547
shamir,309000,4.2501,0.1784
shamir,310000,4.2572,0.1582
shamir,311000,3.9802,0.1734
shamir,312000,3.8750,0.2032
shamir,313000,4.3803,0.1678
shamir,314000,4.1291,0.1565
shamir,315000,4.0803,0.1902
shamir,316000,4.3937,0.1869
shamir,317000,4.3398,0.1393
shamir,318000,4.2947,0.1874
shamir,319000,4.3891,0.1713
shamir,320000,3.9322,0.1629
shamir,321000,4.0350,0.1885
shamir,322000,4.0392,0.1797
shamir,323000,4.1867,0.1729
shamir,324000,4.5020,0.1647
shamir,325000,4.5213,0.1660
shamir,326000,4.0828,0.1810
shamir,327000,4.3512,0.1831
shamir,328000,4.4690,0.1562
shamir,329000,4.1702,0.1589
shamir,330000,4.6153,0.1531
shamir,331000,4.5681,0.1620
shamir,332000,3.9870,0.1680
shamir,333000,4.3748,0.1764
shamir,334000,4.4303,0.1871
shamir,335000,4.2268,0.1707
shamir,336000,4.6911,0.2209
shamir,337000,3.7022,0.1817
shamir,338000,4.5916,0.2038
shamir,339000,4.3542,0.1783
shamir,340000,4.2312,0.1829
shamir,341000,4.6935,0.1964
shamir,342000,4.5127,0.1841
shamir,343000,4.7296,0.1820
shamir,344000,4.2041,0.1805
shamir,345000,4.1458,0.1779
shamir,346000,4.3628,0.1701
shamir,347000,4.1390,0.1718
shamir,348000,4.6940,0.1780
shamir,349000,4.6678,0.1753
shamir,350000,4.2543,0.1681
shamir,351000,4.3722,0.1645
shamir,352000,4.4753,0.1711
shamir,353000,4.7882,0.1840
shamir,354000,4.1027,0.1394
shamir,355000,4.5634,0.1823
shamir,356000,4.4310,0.1711
shamir,357000,4.0365,0.2007
shamir,358000,4.4228,0.1810
shamir,359000,4.3182,0.1991
shamir,360000,4.3532,0.2116
shamir,361000,4.5268,0.2018
shamir,362000,4.9125,0.1624
shamir,363000,4.3983,0.1817
shamir,364000,4.8534,0.2051
shamir,365000,4.2261,0.1982
shamir,366000,4.8350,0.2034
shamir,367000,4.3465,0.1932
shamir,368000,4.6419,0.2054
shamir,369000,4.1798,0.1842
shamir,370000,4.4022,0.2021
shamir,371000,4.9354,0.1763
shamir,372000,4.9330,0.1782
shamir,373000,4.7629,0.1866
shamir,374000,4.4561,0.2033
shamir,375000,4.5169,0.2121
shamir,376000,4.2212,0.2123
shamir,377000,4.4671,0.2068
shamir,378000,4.9256,0.2325
shamir,379000,5.0506,0.2176
shamir,380000,4.8717,0.2038
shamir,381000,5.0601,0.2046
shamir,382000,5.1292,0.2086
shamir,383000,5.0126,0.2158
shamir,384000,4.5437,0.1752
shamir,385000,4.6730,0.1818
shamir,386000,4.1692,0.2434
shamir,387000,4.3578,0.2140
shamir,388000,4.7437,0.2271
shamir,389000,5.0206,0.2131
shamir,390000,5.2151,0.2323
shamir,391000,5.1042,0.2041
shamir,392000,5.1708,0.1947
shamir,393000,4.9922,0.1897
shamir,394000,4.9098,0.2098
shamir,395000,5.1377,0.2130
shamir,396000,4.9953,0.1999
shamir,397000,4.8446,0.2223
shamir,398000,4.9540,0.1889
shamir,399000,4.6445,0.2139
shamir,400000,4.9966,0.1804
shamir,401000,4.7625,0.2000
shamir,402000,5.0264,0.2107
shamir,403000,4.9469,0.2353
shamir,404000,4.9477,0.2106
shamir,405000,4.7013,0.2403
shamir,406000,4.6591,0.2209
shamir,407000,5.7562,0.2132
shamir,408000,5.0465,0.2118
shamir,409000,5.1786,0.2194
shamir,410000,5.0333,0.2041
shamir,411000,5.2198,0.1950
shamir,412000,5.0772,0.2113
shamir,413000,5.4864,0.2195
shamir,414000,5.3368,0.1987
shamir,415000,4.5908,0.2260
shamir,416000,4.9174,0.2093
shamir,417000,5.0969,0.2495
shamir,418000,5.4119,0.2372
shamir,419000,5.0144,0.2357
shamir,420000,5.0924,0.2035
shamir,421000,4.7864,0.2308
shamir,422000,4.7323,0.2236
shamir,423000,5.4343,0.2268
shamir,424000,5.5666,0.2112
shamir,425000,5.2035,0.2262
shamir,426000,5.3986,0.2331
shamir,427000,5.1049,0.2432
shamir,428000,5.3491,0.2119
shamir,429000,5.1388,0.2026
shamir,430000,5.2616,0.2234
shamir,431000,5.5398,0.2376
shamir,432000,5.6675,0.2298
shamir,433000,4.8693,0.2479
shamir,434000,5.4088,0.2153
shamir,435000,5.3859,0.2012
shamir,436000,5.1871,0.2355
shamir,437000,5.5315,0.2431
shamir,438000,5.5680,0.2552
shamir,439000,5.7609,0.2419
shamir,440000,5.5609,0.2348
shamir,441000,5.3662,0.2520
shamir,442000,5.7014,0.2413
shamir,443000,5.1003,0.2586
shamir,444000,5.5795,0.2253
shamir,445000,5.3823,0.2162
shamir,446000,5.7052,0.2563
shamir,447000,5.5990,0.2471
shamir,448000,5.6382,0.2759
shamir,449000,5.3799,0.2386
shamir,450000,5.7216,0.2560
shamir,451000,5.8455,0.2505
shamir,452000,5.9072,0.2159
shamir,453000,5.9180,0.2362
shamir,454000,6.0553,0.2375
shamir,455000,5.8845,0.2180
shamir,456000,6.1470,0.2335
shamir,457000,6.3030,0.2415
shamir,458000,5.2532,0.2303
shamir,459000,5.3014,0.2309
shamir,460000,5.5837,0.2485
shamir,461000,5.8027,0.2304
shamir,462000,5.7687,0.2312
shamir,463000,5.4894,0.2378
shamir,464000,5.4624,0.2551
shamir,465000,4.8710,0.2405
shamir,466000,5.1296,0.2651
shamir,467000,5.5999,0.2406
shamir,468000,5.2417,0.2272
shamir,469000,5.7405,0.2519
shamir,470000,5.7935,0.2313
shamir,471000,5.2383,0.2325
shamir,472000,5.4411,0.2489
shamir,473000,5.4805,0.2317
shamir,474000,5.6481,0.2036
shamir,475000,5.5454,0.2115
shamir,476000,5.6299,0.2546
shamir,477000,5.4988,0.2302
shamir,478000,5.4981,0.2459
shamir,479000,5.1834,0.2047
shamir,480000,5.5630,0.2493
shamir,481000,5.6657,0.2770
shamir,482000,5.6317,0.2083
shamir,483000,5.9240,0.2449
shamir,484000,5.4121,0.2620
shamir,485000,5.7481,0.2564
shamir,486000,5.8625,0.2278
shamir,487000,5.6973,0.2204
shamir,488000,5.5623,0.2433
shamir,489000,5.7410,0.2304
shamir,490000,6.1688,0.2304
shamir,491000,5.2438,0.2272
shamir,492000,5.8781,0.2423
shamir,493000,5.7889,0.2425
shamir,494000,5.7583,0.2665
shamir,495000,5.8518,0.2365
shamir,496000,5.8906,0.2076
shamir,497000,5.8962,0.2171
shamir,498000,5.6547,0.2197
shamir,499000,5.7752,0.2662
shamir,500000,5.8803,0.2701
shamir,501000,5.6198,0.2515
shamir,502000,6.1392,0.2609
shamir,503000,5.8699,0.2458
shamir,504000,5.8078,0.2630
shamir,505000,5.9674,0.2780
shamir,506000,5.5009,0.2326
shamir,507000,5.7566,0.2515
shamir,508000,6.1632,0.2242
shamir,509000,5.9662,0.2840
shamir,510000,5.9828,0.2963
shamir,511000,5.3203,0.2808
shamir,512000,5.8718,0.2655
shamir,513000,5.7180,0.2684
shamir,514000,6.2634,0.2756
shamir,515000,6.0328,0.2641
shamir,516000,5.8519,0.2472
shamir,517000,5.8090,0.2622
shamir,518000,6.0609,0.2425
shamir,519000,5.9475,0.2735
shamir,520000,5.9890,0.2694
shamir,521000,6.0632,0.2659
shamir,522000,5.4961,0.2234
shamir,523000,5.6012,0.2290
shamir,524000,5.7386,0.2627
shamir,525000,6.6953,0.2548
shamir,526000,6.8021,0.2490
shamir,527000,6.5335,0.2571
shamir,528000,6.4533,0.2644
shamir,529000,6.4833,0.2427
shamir,530000,6.3496,0.2876
shamir,531000,6.4520,0.2568
shamir,532000,6.5811,0.2630
shamir,533000,6.7464,0.2584
shamir,534000,6.7879,0.2543
shamir,535000,6.0906,0.2430
shamir,536000,6.7040,0.2390
shamir,537000,6.6806,0.2723
shamir,538000,6.9314,0.2491
shamir,539000,6.7667,0.2869
shamir,540000,6.6996,0.2313
shamir,541000,6.9593,0.2716
shamir,542000,6.3652,0.2686
shamir,543000,6.6168,0.2263
shamir,544000,6.5848,0.2456
shamir,545000,6.7119,0.2833
shamir,546000,6.5444,0.2546
shamir,547000,6.4408,0.2655
shamir,548000,6.7014,0.2342
shamir,549000,6.8336,0.2768
shamir,550000,6.8109,0.2848
shamir,551000,6.3949,0.2915
shamir,552000,6.3576,0.2205
shamir,553000,6.8088,0.2520
shamir,554000,6.4743,0.2423
shamir,555000,6.4252,0.2266
shamir,556000,6.1171,0.2315
shamir,557000,6.2975,0.2510
shamir,558000,6.5760,0.2961
shamir,559000,6.0365,0.2800
shamir,560000,6.5398,0.2601
shamir,561000,6.6667,0.2407
shamir,562000,6.6606,0.2370
shamir,563000,6.3548,0.2088
shamir,564000,6.4594,0.2540
shamir,565000,6.6162,0.2229
shamir,566000,6.6664,0.2632
shamir,567000,6.9596,0.2560
shamir,568000,6.6564,0.2619
shamir,569000,6.3770,0.2370
shamir,570000,6.7379,0.2280
shamir,571000,6.6896,0.2636
shamir,572000,6.4907,0.2940
shamir,573000,6.9841,0.2870
shamir,574000,7.3534,0.2287
shamir,575000,7.2817,0.2691
shamir,576000,6.8730,0.2498
shamir,577000,7.2703,0.1959
shamir,578000,6.3129,0.2630
shamir,579000,6.8180,0.2117
shamir,580000,6.5774,0.2512
shamir,581000,5.9676,0.2384
shamir,582000,7.1442,0.2624
shamir,583000,6.9204,0.2499
shamir,584000,7.1524,0.2235
shamir,585000,7.0441,0.2454
shamir,586000,6.5637,0.2705
shamir,587000,6.6715,0.2961
shamir,588000,6.9669,0.2277
shamir,589000,6.3637,0.2536
shamir,590000,6.9490,0.3007
shamir,591000,6.9750,0.2817
shamir,592000,6.9362,0.2800
shamir,593000,6.6314,0.2205
shamir,594000,6.6638,0.2561
shamir,595000,6.5861,0.2614
shamir,596000,6.6160,0.2786
shamir,597000,6.4744,0.2398
shamir,598000,6.3612,0.2643
shamir,599000,6.7027,0.2909
shamir,600000,7.0307,0.3050
shamir,601000,7.3039,0.2903
shamir,602000,7.0388,0.2379
shamir,603000,6.9969,0.2460
shamir,604000,7.0800,0.2379
shamir,605000,7.1553,0.2237
shamir,606000,6.8888,0.2800
shamir,607000,7.2220,0.3125
shamir,608000,7.4103,0.3147
shamir,609000,6.6385,0.2720
shamir,610000,6.9425,0.2499
shamir,611000,6.3640,0.2184
shamir,612000,7.1308,0.3017
shamir,613000,6.7528,0.2540
shamir,614000,6.4993,0.2277
shamir,615000,7.5626,0.3053
shamir,616000,7.0820,0.2945
shamir,617000,7.5928,0.3182
shamir,618000,7.8833,0.3015
shamir,619000,7.1710,0.2702
shamir,620000,6.8441,0.2267
shamir,621000,6.7277,0.2593
shamir,622000,7.0947,0.2613
shamir,623000,7.3753,0.2932
shamir,624000,7.4665,0.3314
shamir,625000,7.7265,0.2765
shamir,626000,6.9257,0.2964
shamir,627000,7.4183,0.2898
shamir,628000,7.1462,0.2486
shamir,629000,7.2444,0.2853
shamir,630000,6.6751,0.3200
shamir,631000,7.1664,0.2785
shamir,632000,7.5286,0.3236
shamir,633000,7.5268,0.2985
shamir,634000,7.6936,0.3234
shamir,635000,7.1422,0.3007
shamir,636000,7.6090,0.3234
shamir,637000,7.3261,0.3167
shamir,638000,7.2220,0.3075
shamir,639000,7.4992,0.3143
shamir,640000,7.6714,0.2934
shamir,641000,7.6274,0.3159
shamir,642000,7.4670,0.3160
shamir,643000,7.5413,0.3145
shamir,644000,7.1079,0.3524
shamir,645000,7.0472,0.3315
shamir,646000,7.1585,0.3081
shamir,647000,7.6442,0.3082
shamir,648000,7.6960,0.3213
shamir,649000,7.5249,0.3491
shamir,650000,6.9182,0.3197
shamir,651000,7.8580,0.3221
shamir,652000,7.6083,0.3313
shamir,653000,7.3078,0.3314
shamir,654000,7.1902,0.3010
shamir,655000,7.5375,0.2954
shamir,656000,7.6523,0.3241
shamir,657000,7.3606,0.3571
shamir,658000,7.6605,0.2723
shamir,659000,7.3039,0.3222
shamir,660000,7.5956,0.3313
shamir,661000,8.0106,0.3272
shamir,662000,8.3163,0.3477
shamir,663000,7.6719,0.3420
shamir,664000,7.4378,0.3231
shamir,665000,7.4862,0.3351
shamir,666000,7.1712,0.3058
shamir,667000,7.9177,0.3524
shamir,668000,8.0875,0.3053
shamir,669000,8.0385,0.3247
shamir,670000,7.5981,0.3194
shamir,671000,7.3773,0.3060
shamir,672000,7.5773,0.3435
shamir,673000,7.4805,0.3103
shamir,674000,7.7915,0.3399
shamir,675000,7.3532,0.3021
shamir,676000,7.9209,0.3085
shamir,677000,7.3224,0.3136
shamir,678000,7.1400,0.3246
shamir,679000,7.7983,0.3522
shamir,680000,7.8170,0.3170
shamir,681000,7.7318,0.3004
shamir,682000,8.1371,0.3368
shamir,683000,7.6696,0.3128
shamir,684000,7.8445,0.3431
shamir,685000,7.3798,0.2924
shamir,686000,7.8846,0.3269
shamir,687000,8.0770,0.3374
shamir,688000,8.1682,0.3310
shamir,689000,7.8310,0.3449
shamir,690000,7.8773,0.3165
shamir,691000,7.1250,0.3372
shamir,692000,7.4930,0.3687
shamir,693000,8.1893,0.3763
shamir,694000,7.4075,0.3324
shamir,695000,7.9658,0.3816
shamir,696000,7.9878,0.3928
shamir,697000,7.6777,0.3616
shamir,698000,7.9656,0.3860
shamir,699000,8.2364,0.3468
shamir,700000,7.5602,0.3355
shamir,701000,7.5058,0.3290
shamir,702000,7.8732,0.3678
shamir,703000,7.7974,0.3837
shamir,704000,7.9952,0.3349
shamir,705000,8.1325,0.3902
shamir,706000,7.8683,0.4196
shamir,707000,8.3238,0.3966
shamir,708000,8.5516,0.4118
shamir,709000,7.8683,0.3212
shamir,710000,8.3261,0.3828
shamir,711000,8.7683,0.4292
shamir,712000,8.0183,0.4082
shamir,713000,7.4587,0.3525
shamir,714000,8.1298,0.3673
shamir,715000,7.6044,0.3674
shamir,716000,7.8467,0.3824
shamir,717000,7.4086,0.3360
shamir,718000,7.1245,0.3179
shamir,719000,7.3317,0.3771
shamir,720000,6.7094,0.3159
shamir,721000,7.2750,0.3477
shamir,722000,7.3688,0.3549
shamir,723000,7.1816,0.3556
shamir,724000,7.3405,0.4165
shamir,725000,7.2732,0.3699
shamir,726000,6.9619,0.3264
shamir,727000,7.1302,0.3341
shamir,728000,7.1193,0.2503
shamir,729000,6.9788,0.2759
shamir,730000,7.5427,0.4175
shamir,731000,7.4580,0.3956
shamir,732000,7.3789,0.3747
shamir,733000,7.6959,0.4386
shamir,734000,7.5636,0.3860
shamir,735000,7.5454,0.3973
shamir,736000,7.4862,0.4171
shamir,737000,7.5150,0.3784
shamir,738000,7.2774,0.3879
shamir,739000,7.8361,0.4326
shamir,740000,7.8240,0.4719
shamir,741000,7.8757,0.4482
shamir,742000,7.8057,0.4050
shamir,743000,7.8716,0.4458
shamir,744000,7.6879,0.3844
shamir,745000,7.7432,0.4325
shamir,746000,7.2922,0.3328
shamir,747000,7.8533,0.4060
shamir,748000,7.9769,0.3847
shamir,749000,7.5292,0.3800
shamir,750000,7.6600,0.3564
shamir,751000,7.7288,0.4195
shamir,752000,7.8629,0.4020
shamir,753000,8.2464,0.4648
shamir,754000,7.9482,0.4176
shamir,755000,7.4746,0.3440
shamir,756000,7.4753,0.3449
shamir,757000,7.1810,0.3470
shamir,758000,7.3742,0.3143
shamir,759000,7.4444,0.3864
shamir,760000,7.6896,0.3940
shamir,761000,7.3039,0.3470
shamir,762000,7.5268,0.3495
shamir,763000,7.8575,0.3983
shamir,764000,7.9312,0.4374
shamir,765000,7.5726,0.3930
shamir,766000,7.9927,0.3416
shamir,767000,7.6052,0.3476
shamir,768000,7.7786,0.3871
shamir,769000,7.5395,0.3686
shamir,770000,7.7116,0.3450
shamir,771000,7.8091,0.3383
shamir,772000,7.7227,0.4206
shamir,773000,7.8389,0.3723
shamir,774000,8.2065,0.3686
shamir,775000,8.0385,0.4621
shamir,776000,7.8803,0.3805
shamir,777000,7.6197,0.3436
shamir,778000,8.0227,0.4058
shamir,779000,8.1970,0.4258
shamir,780000,7.4582,0.3943
shamir,781000,7.8145,0.3737
shamir,782000,7.8914,0.3789
shamir,783000,7.7247,0.3520
shamir,784000,7.8745,0.3981
shamir,785000,8.0713,0.4041
shamir,786000,7.8954,0.3482
shamir,787000,8.1056,0.3639
shamir,788000,7.6419,0.3759
shamir,789000,8.1793,0.3870
shamir,790000,7.8412,0.3732
shamir,791000,7.6927,0.3258
shamir,792000,7.5732,0.2991
shamir,793000,7.9024,0.3832
shamir,794000,7.8594,0.3368
shamir,795000,8.0357,0.4319
shamir,796000,8.2853,0.4441
shamir,797000,7.9314,0.3992
shamir,798000,8.2616,0.4001
shamir,799000,8.3727,0.3607
shamir,800000,8.3239,0.4013
shamir,801000,8.1108,0.3496
shamir,802000,8.1618,0.3712
shamir,803000,8.2941,0.3931
shamir,804000,7.9486,0.3441
shamir,805000,8.1595,0.3741
shamir,806000,8.1143,0.3787
shamir,807000,8.0631,0.3698
shamir,808000,8.4260,0.4258
shamir,809000,7.8880,0.3314
shamir,810000,8.7780,0.4251
shamir,811000,8.1865,0.4334
shamir,812000,8.2664,0.4152
shamir,813000,8.6737,0.4367
shamir,814000,8.1780,0.3554
shamir,815000,8.2104,0.4131
shamir,816000,8.7156,0.4091
shamir,817000,8.5169,0.3622
shamir,818000,8.0589,0.3917
shamir,819000,8.3252,0.3916
shamir,820000,8.1844,0.3810
shamir,821000,8.4662,0.4178
shamir,822000,8.2634,0.4183
shamir,823000,8.5674,0.4457
shamir,824000,8.7086,0.4270
shamir,825000,8.0893,0.3591
shamir,826000,8.0835,0.3557
shamir,827000,8.2564,0.4251
shamir,828000,8.1882,0.3757
shamir,829000,8.6475,0.4074
shamir,830000,8.6201,0.4113
shamir,831000,8.1589,0.3671
shamir,832000,8.4036,0.4069
shamir,833000,8.4596,0.3833
shamir,834000,8.4802,0.3747
shamir,835000,8.6450,0.4228
shamir,836000,8.6317,0.4115
shamir,837000,8.6326,0.3919
shamir,838000,8.5979,0.4186
shamir,839000,8.7295,0.3949
shamir,840000,8.3942,0.4387
shamir,841000,8.6768,0.3969
shamir,842000,8.2762,0.3680
shamir,843000,8.0442,0.4018
shamir,844000,8.3278,0.4228
shamir,845000,8.2514,0.3698
shamir,846000,8.8600,0.3595
shamir,847000,8.0461,0.3744
shamir,848000,8.5511,0.4026
shamir,849000,8.5595,0.4566
shamir,850000,8.7136,0.4031
shamir,851000,8.3261,0.4083
shamir,852000,8.9504,0.4202
shamir,853000,8.5418,0.4137
shamir,854000,9.2601,0.4802
shamir,855000,8.6338,0.4089
shamir,856000,8.8977,0.4633
shamir,857000,8.8776,0.4621
shamir,858000,8.9867,0.4336
shamir,859000,8.7051,0.4213
shamir,860000,9.0563,0.4720
shamir,861000,8.7453,0.4150
shamir,862000,8.7217,0.4409
shamir,863000,8.6378,0.4255
shamir,864000,8.9702,0.4227
shamir,865000,8.6759,0.4073
shamir,866000,8.6623,0.3424
shamir,867000,8.8659,0.4296
shamir,868000,9.0147,0.3716
shamir,869000,8.4433,0.3980
shamir,870000,8.4220,0.3723
shamir,871000,8.9231,0.4491
shamir,872000,8.8008,0.4076
shamir,873000,8.4947,0.4194
shamir,874000,9.0989,0.3907
shamir,875000,9.0579,0.4562
shamir,876000,8.6485,0.3783
shamir,877000,8.5057,0.4042
shamir,878000,9.1674,0.4433
shamir,879000,8.9158,0.4483
shamir,880000,8.4027,0.4005
shamir,881000,8.8765,0.3893
shamir,882000,9.5100,0.4536
shamir,883000,8.6460,0.3945
shamir,884000,9.2946,0.3999
shamir,885000,8.8395,0.4253
shamir,886000,8.3929,0.3618
shamir,887000,8.6414,0.3726
shamir,888000,8.8762,0.4045
shamir,889000,9.1692,0.4398
shamir,890000,8.9056,0.3735
shamir,891000,8.7722,0.4362
shamir,892000,8.9014,0.4123
shamir,893000,9.1699,0.4558
shamir,894000,9.0120,0.4230
shamir,895000,9.1730,0.4299
shamir,896000,8.7180,0.3719
shamir,897000,8.8710,0.3707
shamir,898000,8.7331,0.4029
shamir,899000,9.0017,0.4044
shamir,900000,8.4334,0.3556
shamir,901000,9.0951,0.4000
shamir,902000,8.6526,0.4631
shamir,903000,8.7719,0.4268
shamir,904000,8.7379,0.3975
shamir,905000,9.0275,0.4070
shamir,906000,9.1813,0.4496
shamir,907000,9.3369,0.3981
shamir,908000,9.0128,0.4094
shamir,909000,9.2771,0.4738
shamir,910000,8.9540,0.4303
shamir,911000,9.5254,0.4269
shamir,912000,9.0702,0.4074
shamir,913000,8.6528,0.3912
shamir,914000,9.1610,0.3987
shamir,915000,9.7968,0.4695
shamir,916000,9.1978,0.4076
shamir,917000,9.8657,0.5256
shamir,918000,9.7301,0.4260
shamir,919000,9.4811,0.3890
shamir,920000,9.3512,0.4492
shamir,921000,9.3207,0.4353
shamir,922000,9.8597,0.4525
shamir,923000,9.3532,0.4310
shamir,924000,9.5162,0.4672
shamir,925000,9.4536,0.4254
shamir,926000,9.1991,0.4242
shamir,927000,9.6408,0.4656
shamir,928000,9.5463,0.4923
shamir,929000,9.6643,0.4527
shamir,930000,9.4900,0.4137
shamir,931000,9.2008,0.4192
shamir,932000,9.3702,0.4396
shamir,933000,9.2112,0.4535
shamir,934000,9.5005,0.4503
shamir,935000,9.6830,0.4527
shamir,936000,9.2010,0.4105
shamir,937000,9.2566,0.3963
shamir,938000,9.3598,0.4310
shamir,939000,9.3730,0.4246
shamir,940000,9.3115,0.4439
shamir,941000,9.6378,0.4662
shamir,942000,9.4218,0.4294
shamir,943000,9.0894,0.4278
shamir,944000,9.1949,0.4330
shamir,945000,9.0617,0.4359
shamir,946000,9.2111,0.4250
shamir,947000,9.2020,0.4000
shamir,948000,9.1306,0.4317
shamir,949000,9.2678,0.4128
shamir,950000,9.0817,0.3849
shamir,951000,8.8570,0.3427
shamir,952000,9.1148,0.4068
shamir,953000,9.3815,0.4467
shamir,954000,8.9210,0.3816
shamir,955000,9.8334,0.4507
shamir,956000,9.2939,0.4213
shamir,957000,8.6805,0.3644
shamir,958000,8.8313,0.3537
shamir,959000,8.9177,0.3327
shamir,960000,9.1473,0.3688
shamir,961000,9.2743,0.3446
shamir,962000,9.4373,0.4111
shamir,963000,9.1582,0.4226
shamir,964000,9.3210,0.3827
shamir,965000,9.5385,0.4091
shamir,966000,9.2797,0.4330
shamir,967000,9.2874,0.4128
shamir,968000,9.1015,0.3526
shamir,969000,9.1024,0.3464
shamir,970000,8.9859,0.4066
shamir,971000,9.8275,0.4879
shamir,972000,9.3052,0.4316
shamir,973000,8.9631,0.3732
shamir,974000,9.5582,0.4318
shamir,975000,9.2505,0.3990
shamir,976000,9.6552,0.4100
shamir,977000,9.4198,0.3888
shamir,978000,9.4407,0.4211
shamir,979000,9.7962,0.4544
shamir,980000,9.1776,0.3986
shamir,981000,9.5039,0.4085
shamir,982000,9.2183,0.3661
shamir,983000,9.8479,0.3914
shamir,984000,9.6527,0.3908
shamir,985000,9.3936,0.3774
shamir,986000,9.9553,0.4682
shamir,987000,10.0794,0.4615
shamir,988000,10.2373,0.4117
shamir,989000,9.6828,0.4015
shamir,990000,9.6011,0.3869
shamir,991000,9.8465,0.4443
shamir,992000,9.7823,0.4129
shamir,993000,9.5707,0.3892
shamir,994000,9.7991,0.3961
shamir,995000,9.3455,0.4189
shamir,996000,9.1511,0.3908
shamir,997000,8.8296,0.3560
shamir,998000,9.1655,0.4252
shamir,999000,9.8264,0.4471
ssms,10,0.0295,0.0006
ssms,20,0.0171,0.0003
ssms,30,0.0102,0.0003
ssms,40,0.0099,0.0001
ssms,50,0.0289,0.0006
ssms,60,0.0224,0.0002
ssms,70,0.0225,0.0003
ssms,80,0.0231,0.0005
ssms,90,0.0222,0.0002
ssms,100,0.0196,0.0003
ssms,110,0.0190,0.0003
ssms,120,0.0102,0.0002
ssms,130,0.0234,0.0007
ssms,140,0.0203,0.0003
ssms,150,0.0225,0.0003
ssms,160,0.0193,0.0003
ssms,170,0.0110,0.0002
ssms,180,0.0311,0.0004
ssms,190,0.0287,0.0009
ssms,200,0.0173,0.0002
ssms,210,0.0170,0.0002
ssms,220,0.0255,0.0002
ssms,230,0.0172,0.0002
ssms,240,0.0189,0.0002
ssms,250,0.0300,0.0003
ssms,260,0.0192,0.0003
ssms,270,0.0301,0.0003
ssms,280,0.0260,0.0005
ssms,290,0.0189,0.0002
ssms,300,0.0308,0.0005
ssms,310,0.0306,0.0004
ssms,320,0.0312,0.0003
ssms,330,0.0308,0.0003
ssms,340,0.0283,0.0004
ssms,350,0.0245,0.0005
ssms,360,0.0303,0.0002
ssms,370,0.0183,0.0002
ssms,380,0.0311,0.0004
ssms,390,0.0309,0.0005
ssms,400,0.0244,0.0003
ssms,410,0.0279,0.0002
ssms,420,0.0306,0.0003
ssms,430,0.0261,0.0002
ssms,440,0.0310,0.0004
ssms,450,0.0286,0.0004
ssms,460,0.0304,0.0003
ssms,470,0.0286,0.0004
ssms,480,0.0317,0.0005
ssms,490,0.0316,0.0006
ssms,500,0.0328,0.0002
ssms,510,0.0330,0.0003
ssms,520,0.0334,0.0006
ssms,530,0.0331,0.0004
ssms,540,0.0333,0.0004
ssms,550,0.0335,0.0005
ssms,560,0.0270,0.0004
ssms,570,0.0263,0.0002
ssms,580,0.0312,0.0006
ssms,590,0.0267,0.0003
ssms,600,0.0332,0.0002
ssms,610,0.0269,0.0003
ssms,620,0.0312,0.0004
ssms,630,0.0337,0.0004
ssms,640,0.0333,0.0004
ssms,650,0.0336,0.0004
ssms,660,0.0310,0.0004
ssms,670,0.0332,0.0002
ssms,680,0.0332,0.0002
ssms,690,0.0338,0.0005
ssms,700,0.0336,0.0004
ssms,710,0.0310,0.0003
ssms,720,0.0344,0.0005
ssms,730,0.0295,0.0005
ssms,740,0.0312,0.0003
ssms,750,0.0286,0.0002
ssms,760,0.0294,0.0005
ssms,770,0.0336,0.0003
ssms,780,0.0342,0.0005
ssms,790,0.0321,0.0005
ssms,800,0.0338,0.0004
ssms,810,0.0338,0.0003
ssms,820,0.0238,0.0003
ssms,830,0.0340,0.0004
ssms,840,0.0342,0.0007
ssms,850,0.0202,0.0001
ssms,860,0.0316,0.0004
ssms,870,0.0342,0.0003
ssms,880,0.0355,0.0005
ssms,890,0.0348,0.0004
ssms,900,0.0257,0.0006
ssms,910,0.0291,0.0003
ssms,920,0.0339,0.0002
ssms,930,0.0346,0.0005
ssms,940,0.0345,0.0004
ssms,950,0.0338,0.0002
ssms,960,0.0343,0.0003
ssms,970,0.0342,0.0004
ssms,980,0.0348,0.0005
ssms,990,0.0344,0.0004
ssms,1000,0.0297,0.0003
ssms,1010,0.0364,0.0004
ssms,1020,0.0349,0.0006
ssms,1030,0.0368,0.0004
ssms,1040,0.0365,0.0003
ssms,1050,0.0341,0.0004
ssms,1060,0.0369,0.0004
ssms,1070,0.0385,0.0007
ssms,1080,0.0371,0.0004
ssms,1090,0.0350,0.0005
ssms,1100,0.0183,0.0011
ssms,1110,0.0326,0.0004
ssms,1120,0.0149,0.0002
ssms,1130,0.0139,0.0001
ssms,1140,0.0383,0.0004
ssms,1150,0.0373,0.0003
ssms,1160,0.0378,0.0005
ssms,1170,0.0374,0.0004
ssms,1180,0.0372,0.0003
ssms,1190,0.0343,0.0003
ssms,1200,0.0373,0.0003
ssms,1210,0.0150,0.0004
ssms,1220,0.0374,0.0004
ssms,1230,0.0373,0.0003
ssms,1240,0.0378,0.0008
ssms,1250,0.0375,0.0005
ssms,1260,0.0344,0.0004
ssms,1270,0.0215,0.0003
ssms,1280,0.0308,0.0008
ssms,1290,0.0258,0.0002
ssms,1300,0.0385,0.0005
ssms,1310,0.0273,0.0005
ssms,1320,0.0371,0.0004
ssms,1330,0.0374,0.0005
ssms,1340,0.0374,0.0007
ssms,1350,0.0248,0.0004
ssms,1360,0.0373,0.0006
ssms,1370,0.0317,0.0004
ssms,1380,0.0251,0.0005
ssms,1390,0.0373,0.0005
ssms,1400,0.0261,0.0003
ssms,1410,0.0392,0.0006
ssms,1420,0.0335,0.0005
ssms,1430,0.0327,0.0005
ssms,1440,0.0382,0.0006
ssms,1450,0.0354,0.0005
ssms,1460,0.0380,0.0005
ssms,1470,0.0379,0.0004
ssms,1480,0.0379,0.0014
ssms,1490,0.0418,0.0006
ssms,1500,0.0416,0.0007
ssms,1510,0.0407,0.0005
ssms,1520,0.0408,0.0005
ssms,1530,0.0403,0.0004
ssms,1540,0.0396,0.0004
ssms,1550,0.0397,0.0004
ssms,1560,0.0309,0.0008
ssms,1570,0.0339,0.0003
ssms,1580,0.0350,0.0006
ssms,1590,0.0399,0.0005
ssms,1600,0.0251,0.0006
ssms,1610,0.0402,0.0004
ssms,1620,0.0407,0.0006
ssms,1630,0.0322,0.0004
ssms,1640,0.0419,0.0006
ssms,1650,0.0415,0.0006
ssms,1660,0.0404,0.0005
ssms,1670,0.0401,0.0004
ssms,1680,0.0399,0.0004
ssms,1690,0.0284,0.0003
ssms,1700,0.0390,0.0014
ssms,1710,0.0375,0.0005
ssms,1720,0.0372,0.0005
ssms,1730,0.0299,0.0003
ssms,1740,0.0407,0.0005
ssms,1750,0.0404,0.0004
ssms,1760,0.0410,0.0005
ssms,1770,0.0347,0.0004
ssms,1780,0.0407,0.0005
ssms,1790,0.0375,0.0005
ssms,1800,0.0437,0.0021
ssms,1810,0.0367,0.0009
ssms,1820,0.0369,0.0007
ssms,1830,0.0325,0.0004
ssms,1840,0.0407,0.0003
ssms,1850,0.0413,0.0004
ssms,1860,0.0379,0.0004
ssms,1870,0.0330,0.0004
ssms,1880,0.0327,0.0003
ssms,1890,0.0346,0.0002
ssms,1900,0.0324,0.0003
ssms,1910,0.0331,0.0004
ssms,1920,0.0412,0.0006
ssms,1930,0.0355,0.0004
ssms,1940,0.0377,0.0004
ssms,1950,0.0406,0.0003
ssms,1960,0.0210,0.0002
ssms,1970,0.0410,0.0004
ssms,1980,0.0415,0.0006
ssms,1990,0.0396,0.0004
ssms,2000,0.0223,0.0002
ssms,2010,0.0270,0.0003
ssms,2020,0.0426,0.0002
ssms,2030,0.0427,0.0003
ssms,2040,0.0430,0.0004
ssms,2050,0.0365,0.0005
ssms,2060,0.0426,0.0006
ssms,2070,0.0372,0.0007
ssms,2080,0.0364,0.0004
ssms,2090,0.0241,0.0003
ssms,2100,0.0244,0.0003
ssms,2110,0.0427,0.0006
ssms,2120,0.0370,0.0005
ssms,2130,0.0363,0.0004
ssms,2140,0.0437,0.0010
ssms,2150,0.0320,0.0004
ssms,2160,0.0315,0.0003
ssms,2170,0.0431,0.0005
ssms,2180,0.0425,0.0005
ssms,2190,0.0234,0.0003
ssms,2200,0.0419,0.0004
ssms,2210,0.0426,0.0005
ssms,2220,0.0394,0.0004
ssms,2230,0.0359,0.0008
ssms,2240,0.0318,0.0004
ssms,2250,0.0318,0.0004
ssms,2260,0.0322,0.0003
ssms,2270,0.0430,0.0005
ssms,2280,0.0375,0.0005
ssms,2290,0.0402,0.0005
ssms,2300,0.0366,0.0003
ssms,2310,0.0438,0.0005
ssms,2320,0.0398,0.0003
ssms,2330,0.0408,0.0009
ssms,2340,0.0442,0.0006
ssms,2350,0.0438,0.0005
ssms,2360,0.0436,0.0005
ssms,2370,0.0273,0.0002
ssms,2380,0.0430,0.0002
ssms,2390,0.0440,0.0005
ssms,2400,0.0431,0.0003
ssms,2410,0.0435,0.0003
ssms,2420,0.0438,0.0005
ssms,2430,0.0446,0.0006
ssms,2440,0.0309,0.0004
ssms,2450,0.0399,0.0003
ssms,2460,0.0307,0.0003
ssms,2470,0.0441,0.0006
ssms,2480,0.0352,0.0005
ssms,2490,0.0373,0.0005
ssms,2500,0.0415,0.0003
ssms,2510,0.0456,0.0003
ssms,2520,0.0422,0.0003
ssms,2530,0.0416,0.0008
ssms,2540,0.0308,0.0004
ssms,2550,0.0460,0.0005
ssms,2560,0.0300,0.0002
ssms,2570,0.0366,0.0004
ssms,2580,0.0367,0.0004
ssms,2590,0.0364,0.0004
ssms,2600,0.0363,0.0003
ssms,2610,0.0472,0.0004
ssms,2620,0.0409,0.0004
ssms,2630,0.0367,0.0004
ssms,2640,0.0399,0.0004
ssms,2650,0.0427,0.0006
ssms,2660,0.0428,0.0006
ssms,2670,0.0393,0.0004
ssms,2680,0.0276,0.0003
ssms,2690,0.0290,0.0004
ssms,2700,0.0368,0.0004
ssms,2710,0.0453,0.0004
ssms,2720,0.0422,0.0005
ssms,2730,0.0476,0.0007
ssms,2740,0.0380,0.0005
ssms,2750,0.0426,0.0006
ssms,2760,0.0292,0.0004
ssms,2770,0.0457,0.0005
ssms,2780,0.0327,0.0004
ssms,2790,0.0324,0.0004
ssms,2800,0.0401,0.0014
ssms,2810,0.0481,0.0007
ssms,2820,0.0304,0.0004
ssms,2830,0.0418,0.0004
ssms,2840,0.0456,0.0004
ssms,2850,0.0455,0.0005
ssms,2860,0.0423,0.0005
ssms,2870,0.0424,0.0005
ssms,2880,0.0222,0.0002
ssms,2890,0.0395,0.0004
ssms,2900,0.0488,0.0006
ssms,2910,0.0474,0.0005
ssms,2920,0.0393,0.0004
ssms,2930,0.0401,0.0005
ssms,2940,0.0369,0.0007
ssms,2950,0.0408,0.0005
ssms,2960,0.0324,0.0003
ssms,2970,0.0432,0.0005
ssms,2980,0.0486,0.0006
ssms,2990,0.0385,0.0005
ssms,3000,0.0477,0.0007
ssms,3010,0.0406,0.0006
ssms,3020,0.0324,0.0004
ssms,3030,0.0486,0.0005
ssms,3040,0.0414,0.0004
ssms,3050,0.0453,0.0006
ssms,3060,0.0487,0.0006
ssms,3070,0.0446,0.0006
ssms,3080,0.0431,0.0007
ssms,3090,0.0290,0.0003
ssms,3100,0.0514,0.0006
ssms,3110,0.0434,0.0004
ssms,3120,0.0294,0.0002
ssms,3130,0.0448,0.0004
ssms,3140,0.0435,0.0008
ssms,3150,0.0453,0.0005
ssms,3160,0.0455,0.0005
ssms,3170,0.0399,0.0011
ssms,3180,0.0491,0.0006
ssms,3190,0.0307,0.0003
ssms,3200,0.0386,0.0004
ssms,3210,0.0488,0.0006
ssms,3220,0.0490,0.0008
ssms,3230,0.0415,0.0010
ssms,3240,0.0389,0.0004
ssms,3250,0.0363,0.0004
ssms,3260,0.0308,0.0003
ssms,3270,0.0359,0.0007
ssms,3280,0.0398,0.0005
ssms,3290,0.0427,0.0006
ssms,3300,0.0394,0.0004
ssms,3310,0.0519,0.0007
ssms,3320,0.0205,0.0004
ssms,3330,0.0189,0.0004
ssms,3340,0.0512,0.0006
ssms,3350,0.0202,0.0003
ssms,3360,0.0494,0.0005
ssms,3370,0.0490,0.0005
ssms,3380,0.0488,0.0005
ssms,3390,0.0299,0.0003
ssms,3400,0.0485,0.0003
ssms,3410,0.0368,0.0003
ssms,3420,0.0495,0.0004
ssms,3430,0.0499,0.0005
ssms,3440,0.0477,0.0005
ssms,3450,0.0393,0.0004
ssms,3460,0.0359,0.0005
ssms,3470,0.0437,0.0005
ssms,3480,0.0453,0.0005
ssms,3490,0.0549,0.0006
ssms,3500,0.0442,0.0004
ssms,3510,0.0504,0.0017
ssms,3520,0.0478,0.0006
ssms,3530,0.0454,0.0004
ssms,3540,0.0488,0.0005
ssms,3550,0.0529,0.0005
ssms,3560,0.0451,0.0006
ssms,3570,0.0497,0.0009
ssms,3580,0.0453,0.0005
ssms,3590,0.0528,0.0006
ssms,3600,0.0486,0.0007
ssms,3610,0.0528,0.0007
ssms,3620,0.0526,0.0007
ssms,3630,0.0526,0.0006
ssms,3640,0.0552,0.0006
ssms,3650,0.0458,0.0008
ssms,3660,0.0528,0.0004
ssms,3670,0.0334,0.0003
ssms,3680,0.0453,0.0005
ssms,3690,0.0556,0.0006
ssms,3700,0.0491,0.0005
ssms,3710,0.0551,0.0005
ssms,3720,0.0498,0.0005
ssms,3730,0.0397,0.0003
ssms,3740,0.0535,0.0005
ssms,3750,0.0380,0.0004
ssms,3760,0.0535,0.0006
ssms,3770,0.0457,0.0004
ssms,3780,0.0454,0.0004
ssms,3790,0.0496,0.0006
ssms,3800,0.0538,0.0005
ssms,3810,0.0529,0.0004
ssms,3820,0.0531,0.0003
ssms,3830,0.0538,0.0004
ssms,3840,0.0487,0.0004
ssms,3850,0.0356,0.0003
ssms,3860,0.0354,0.0003
ssms,3870,0.0198,0.0002
ssms,3880,0.0528,0.0004
ssms,3890,0.0268,0.0002
ssms,3900,0.0404,0.0004
ssms,3910,0.0542,0.0007
ssms,3920,0.0536,0.0005
ssms,3930,0.0433,0.0005
ssms,3940,0.0426,0.0004
ssms,3950,0.0426,0.0005
ssms,3960,0.0455,0.0003
ssms,3970,0.0480,0.0006
ssms,3980,0.0553,0.0005
ssms,3990,0.0584,0.0008
ssms,4000,0.0525,0.0003
ssms,4010,0.0508,0.0004
ssms,4020,0.0389,0.0003
ssms,4030,0.0549,0.0006
ssms,4040,0.0394,0.0003
ssms,4050,0.0442,0.0004
ssms,4060,0.0561,0.0011
ssms,4070,0.0582,0.0008
ssms,4080,0.0466,0.0007
ssms,4090,0.0478,0.0006
ssms,4100,0.0553,0.0006
ssms,4110,0.0513,0.0007
ssms,4120,0.0439,0.0005
ssms,4130,0.0585,0.0009
ssms,4140,0.0466,0.0007
ssms,4150,0.0582,0.0009
ssms,4160,0.0492,0.0008
ssms,4170,0.0474,0.0005
ssms,4180,0.0557,0.0007
ssms,4190,0.0428,0.0015
ssms,4200,0.0209,0.0003
ssms,4210,0.0585,0.0010
ssms,4220,0.0581,0.0008
ssms,4230,0.0556,0.0007
ssms,4240,0.0510,0.0006
ssms,4250,0.0510,0.0006
ssms,4260,0.0555,0.0006
ssms,4270,0.0583,0.0009
ssms,4280,0.0473,0.0022
ssms,4290,0.0557,0.0006
ssms,4300,0.0558,0.0007
ssms,4310,0.0357,0.0008
ssms,4320,0.0589,0.0012
ssms,4330,0.0430,0.0026
ssms,4340,0.0544,0.0010
ssms,4350,0.0486,0.0007
ssms,4360,0.0483,0.0007
ssms,4370,0.0516,0.0008
ssms,4380,0.0502,0.0010
ssms,4390,0.0273,0.0004
ssms,4400,0.0586,0.0012
ssms,4410,0.0422,0.0008
ssms,4420,0.0570,0.0009
ssms,4430,0.0427,0.0008
ssms,4440,0.0582,0.0010
ssms,4450,0.0486,0.0007
ssms,4460,0.0488,0.0007
ssms,4470,0.0587,0.0008
ssms,4480,0.0609,0.0011
ssms,4490,0.0601,0.0010
ssms,4500,0.0513,0.0009
ssms,4510,0.0582,0.0008
ssms,4520,0.0582,0.0008
ssms,4530,0.0536,0.0007
ssms,4540,0.0581,0.0008
ssms,4550,0.0610,0.0011
ssms,4560,0.0599,0.0010
ssms,4570,0.0581,0.0008
ssms,4580,0.0382,0.0010
ssms,4590,0.0569,0.0011
ssms,4600,0.0550,0.0015
ssms,4610,0.0438,0.0006
ssms,4620,0.0584,0.0009
ssms,4630,0.0563,0.0011
ssms,4640,0.0560,0.0010
ssms,4650,0.0584,0.0008
ssms,4660,0.0611,0.0011
ssms,4670,0.0591,0.0009
ssms,4680,0.0498,0.0009
ssms,4690,0.0545,0.0009
ssms,4700,0.0541,0.0006
ssms,4710,0.0506,0.0007
ssms,4720,0.0587,0.0006
ssms,4730,0.0585,0.0006
ssms,4740,0.0586,0.0007
ssms,4750,0.0515,0.0008
ssms,4760,0.0614,0.0008
ssms,4770,0.0488,0.0006
ssms,4780,0.0588,0.0006
ssms,4790,0.0468,0.0004
ssms,4800,0.0583,0.0006
ssms,4810,0.0557,0.0014
ssms,4820,0.0585,0.0006
ssms,4830,0.0307,0.0008
ssms,4840,0.0469,0.0005
ssms,4850,0.0511,0.0006
ssms,4860,0.0623,0.0009
ssms,4870,0.0567,0.0006
ssms,4880,0.0507,0.0006
ssms,4890,0.0450,0.0006
ssms,4900,0.0607,0.0009
ssms,4910,0.0428,0.0008
ssms,4920,0.0585,0.0007
ssms,4930,0.0461,0.0012
ssms,4940,0.0514,0.0005
ssms,4950,0.0509,0.0005
ssms,4960,0.0514,0.0006
ssms,4970,0.0468,0.0012
ssms,4980,0.0621,0.0007
ssms,4990,0.0426,0.0011
ssms,5000,0.0601,0.0006
ssms,6000,0.0744,0.0022
ssms,7000,0.0555,0.0023
ssms,8000,0.0519,0.0009
ssms,9000,0.0936,0.0087
ssms,10000,0.0863,0.0010
ssms,11000,0.0679,0.0023
ssms,12000,0.0579,0.0002
ssms,13000,0.0660,0.0009
ssms,14000,0.1025,0.0019
ssms,15000,0.1146,0.0017
ssms,16000,0.1236,0.0006
ssms,17000,0.1071,0.0041
ssms,18000,0.0944,0.0019
ssms,19000,0.0587,0.0006
ssms,20000,0.1025,0.0051
ssms,21000,0.1607,0.0046
ssms,22000,0.1668,0.0045
ssms,23000,0.0868,0.0065
ssms,24000,0.0864,0.0066
ssms,25000,0.0940,0.0090
ssms,26000,0.1976,0.0083
ssms,27000,0.1600,0.0068
ssms,28000,0.1906,0.0079
ssms,29000,0.1106,0.0085
ssms,30000,0.1675,0.0099
ssms,31000,0.1540,0.0084
ssms,32000,0.1941,0.0092
ssms,33000,0.1262,0.0079
ssms,34000,0.1588,0.0069
ssms,35000,0.1658,0.0081
ssms,36000,0.1959,0.0111
ssms,37000,0.2626,0.0098
ssms,38000,0.2966,0.0073
ssms,39000,0.2952,0.0088
ssms,40000,0.2607,0.0094
ssms,41000,0.3212,0.0103
ssms,42000,0.2197,0.0155
ssms,43000,0.3153,0.0064
ssms,44000,0.2827,0.0128
ssms,45000,0.2767,0.0103
ssms,46000,0.3133,0.0108
ssms,47000,0.3407,0.0075
ssms,48000,0.3077,0.0063
ssms,49000,0.3249,0.0074
ssms,50000,0.3523,0.0107
ssms,51000,0.3300,0.0070
ssms,52000,0.3592,0.0094
ssms,53000,0.3507,0.0117
ssms,54000,0.3831,0.0081
ssms,55000,0.3754,0.0095
ssms,56000,0.3408,0.0086
ssms,57000,0.3800,0.0120
ssms,58000,0.3845,0.0097
ssms,59000,0.4005,0.0160
ssms,60000,0.3822,0.0086
ssms,61000,0.3721,0.0085
ssms,62000,0.3617,0.0083
ssms,63000,0.4195,0.0094
ssms,64000,0.4160,0.0096
ssms,65000,0.3742,0.0082
ssms,66000,0.4133,0.0082
ssms,67000,0.4334,0.0097
ssms,68000,0.4280,0.0071
ssms,69000,0.4324,0.0111
ssms,70000,0.3669,0.0112
ssms,71000,0.3800,0.0114
ssms,72000,0.3661,0.0127
ssms,73000,0.4100,0.0093
ssms,74000,0.4863,0.0117
ssms,75000,0.4431,0.0216
ssms,76000,0.5198,0.0085
ssms,77000,0.4642,0.0169
ssms,78000,0.4928,0.0133
ssms,79000,0.5036,0.0156
ssms,80000,0.4567,0.0127
ssms,81000,0.4721,0.0134
ssms,82000,0.5487,0.0114
ssms,83000,0.5422,0.0108
ssms,84000,0.4399,0.0152
ssms,85000,0.4171,0.0137
ssms,86000,0.5060,0.0142
ssms,87000,0.4307,0.0143
ssms,88000,0.5369,0.0165
ssms,89000,0.5515,0.0166
ssms,90000,0.5253,0.0105
ssms,91000,0.4857,0.0127
ssms,92000,0.5056,0.0160
ssms,93000,0.6042,0.0118
ssms,94000,0.4608,0.0175
ssms,95000,0.5101,0.0147
ssms,96000,0.5135,0.0158
ssms,97000,0.5989,0.0145
ssms,98000,0.6349,0.0141
ssms,99000,0.5841,0.0190
ssms,100000,0.6373,0.0119
ssms,101000,0.6117,0.0168
ssms,102000,0.5815,0.0184
ssms,103000,0.5231,0.0186
ssms,104000,0.5169,0.0167
ssms,105000,0.6193,0.0177
ssms,106000,0.6522,0.0129
ssms,107000,0.6103,0.0146
ssms,108000,0.5927,0.0239
ssms,109000,0.6461,0.0190
ssms,110000,0.5967,0.0153
ssms,111000,0.6588,0.0204
ssms,112000,0.6535,0.0208
ssms,113000,0.6422,0.0221
ssms,114000,0.6428,0.0286
ssms,115000,0.5363,0.0197
ssms,116000,0.6232,0.0232
ssms,117000,0.6961,0.0234
ssms,118000,0.5608,0.0246
ssms,119000,0.6600,0.0194
ssms,120000,0.7120,0.0209
ssms,121000,0.7398,0.0201
ssms,122000,0.5640,0.0289
ssms,123000,0.5978,0.0304
ssms,124000,0.7136,0.0200
ssms,125000,0.7458,0.0289
ssms,126000,0.8524,0.0113
ssms,127000,0.6013,0.0204
ssms,128000,0.7786,0.0166
ssms,129000,0.7459,0.0196
ssms,130000,0.6925,0.0271
ssms,131000,0.7252,0.0251
ssms,132000,0.7369,0.0283
ssms,133000,0.6065,0.0271
ssms,134000,0.7344,0.0228
ssms,135000,0.7395,0.0281
ssms,136000,0.7789,0.0323
ssms,137000,0.7199,0.0310
ssms,138000,0.8100,0.0229
ssms,139000,0.7684,0.0216
ssms,140000,0.6681,0.0307
ssms,141000,0.7597,0.0319
ssms,142000,0.8379,0.0266
ssms,143000,0.7397,0.0226
ssms,144000,0.7228,0.0337
ssms,145000,0.8715,0.0390
ssms,146000,0.7586,0.0260
ssms,147000,0.8602,0.0220
ssms,148000,0.8005,0.0262
ssms,149000,0.6722,0.0310
ssms,150000,0.8919,0.0222
ssms,151000,0.8068,0.0284
ssms,152000,0.8847,0.0318
ssms,153000,0.9196,0.0320
ssms,154000,0.7516,0.0298
ssms,155000,0.8492,0.0352
ssms,156000,0.9259,0.0253
ssms,157000,0.8271,0.0282
ssms,158000,0.8431,0.0312
ssms,159000,0.9564,0.0231
ssms,160000,0.8200,0.0294
ssms,161000,1.0035,0.0199
ssms,162000,1.0046,0.0189
ssms,163000,1.0124,0.0198
ssms,164000,0.9644,0.0362
ssms,165000,0.8331,0.0315
ssms,166000,0.7835,0.0249
ssms,167000,0.8750,0.0302
ssms,168000,0.8469,0.0319
ssms,169000,0.8992,0.0371
ssms,170000,0.9831,0.0195
ssms,171000,0.9826,0.0229
ssms,172000,0.9896,0.0291
ssms,173000,0.9353,0.0412
ssms,174000,1.0373,0.0295
ssms,175000,0.9900,0.0357
ssms,176000,0.9783,0.0286
ssms,177000,1.0155,0.0253
ssms,178000,1.0068,0.0283
ssms,179000,0.7263,0.0401
ssms,180000,1.0532,0.0266
ssms,181000,0.9956,0.0378
ssms,182000,1.0014,0.0498
ssms,183000,0.9553,0.0302
ssms,184000,0.9262,0.0337
ssms,185000,1.0627,0.0280
ssms,186000,1.0451,0.0375
ssms,187000,1.0459,0.0265
ssms,188000,1.1010,0.0299
ssms,189000,0.9578,0.0327
ssms,190000,1.0420,0.0360
ssms,191000,1.1462,0.0243
ssms,192000,0.9173,0.0377
ssms,193000,1.0420,0.0427
ssms,194000,1.0881,0.0365
ssms,195000,1.0698,0.0341
ssms,196000,1.0058,0.0418
ssms,197000,1.0942,0.0329
ssms,198000,0.8912,0.0408
ssms,199000,1.0073,0.0411
ssms,200000,1.0683,0.0342
ssms,201000,1.0889,0.0350
ssms,202000,1.1218,0.0440
ssms,203000,1.2118,0.0317
ssms,204000,1.1145,0.0347
ssms,205000,1.1770,0.0424
ssms,206000,1.1998,0.0292
ssms,207000,1.1995,0.0374
ssms,208000,1.1322,0.0414
ssms,209000,1.2720,0.0230
ssms,210000,1.2275,0.0355
ssms,211000,1.2840,0.0340
ssms,212000,1.0819,0.0386
ssms,213000,1.1277,0.0469
ssms,214000,1.0010,0.0404
ssms,215000,1.1969,0.0366
ssms,216000,1.2493,0.0343
ssms,217000,1.3548,0.0230
ssms,218000,1.2062,0.0448
ssms,219000,1.1723,0.0434
ssms,220000,1.3502,0.0303
ssms,221000,1.2092,0.0414
ssms,222000,1.2479,0.0495
ssms,223000,1.4677,0.0179
ssms,224000,1.1788,0.0442
ssms,225000,1.3799,0.0234
ssms,226000,1.3878,0.0263
ssms,227000,1.2698,0.0470
ssms,228000,1.2234,0.0432
ssms,229000,1.2081,0.0525
ssms,230000,1.2651,0.0463
ssms,231000,1.3995,0.0393
ssms,232000,1.3720,0.0472
ssms,233000,1.3118,0.0496
ssms,234000,1.2475,0.0494
ssms,235000,1.1473,0.0452
ssms,236000,1.2996,0.0454
ssms,237000,1.3841,0.0366
ssms,238000,1.3847,0.0428
ssms,239000,1.2568,0.0551
ssms,240000,1.2806,0.0464
ssms,241000,1.4797,0.0347
ssms,242000,1.3643,0.0483
ssms,243000,1.3691,0.0467
ssms,244000,1.2798,0.0572
ssms,245000,1.3146,0.0489
ssms,246000,1.4845,0.0416
ssms,247000,1.5385,0.0307
ssms,248000,1.2694,0.0456
ssms,249000,1.3973,0.0457
ssms,250000,1.2773,0.0526
ssms,251000,1.5124,0.0482
ssms,252000,1.6197,0.0189
ssms,253000,1.6805,0.0156
ssms,254000,1.4032,0.0489
ssms,255000,1.3045,0.0571
ssms,256000,1.6265,0.0210
ssms,257000,1.4726,0.0526
ssms,258000,1.4998,0.0425
ssms,259000,1.5065,0.0266
ssms,260000,1.4936,0.0475
ssms,261000,1.3090,0.0568
ssms,262000,1.4971,0.0394
ssms,263000,1.4224,0.0461
ssms,264000,1.5462,0.0459
ssms,265000,1.4386,0.0499
ssms,266000,1.3021,0.0624
ssms,267000,1.5832,0.0356
ssms,268000,1.6030,0.0414
ssms,269000,1.5643,0.0462
ssms,270000,1.5937,0.0321
ssms,271000,1.6979,0.0230
ssms,272000,1.6585,0.0345
ssms,273000,1.5783,0.0483
ssms,274000,1.3920,0.0622
ssms,275000,1.4924,0.0441
ssms,276000,1.5247,0.0544
ssms,277000,1.5869,0.0513
ssms,278000,1.5880,0.0532
ssms,279000,1.7832,0.0299
ssms,280000,1.6024,0.0610
ssms,281000,1.7854,0.0342
ssms,282000,1.7408,0.0337
ssms,283000,1.4731,0.0666
ssms,284000,1.6596,0.0378
ssms,285000,1.4907,0.0602
ssms,286000,1.6407,0.0455
ssms,287000,1.6267,0.0495
ssms,288000,1.7046,0.0365
ssms,289000,1.5363,0.0540
ssms,290000,1.4904,0.0547
ssms,291000,1.6175,0.0444
ssms,292000,1.7206,0.0398
ssms,293000,1.7388,0.0322
ssms,294000,1.7004,0.0466
ssms,295000,1.8118,0.0397
ssms,296000,1.7319,0.0397
ssms,297000,1.6899,0.0451
ssms,298000,1.6751,0.0524
ssms,299000,1.5076,0.0610
ssms,300000,1.7698,0.0327
ssms,301000,1.6515,0.0463
ssms,302000,1.7007,0.0363
ssms,303000,1.5827,0.0593
ssms,304000,1.5820,0.0435
ssms,305000,1.6811,0.0579
ssms,306000,1.6731,0.0514
ssms,307000,1.6178,0.0440
ssms,308000,1.7566,0.0308
ssms,309000,1.7497,0.0448
ssms,310000,1.6286,0.0574
ssms,311000,1.7258,0.0617
ssms,312000,1.5695,0.0540
ssms,313000,1.8590,0.0417
ssms,314000,1.8159,0.0534
ssms,315000,1.9598,0.0398
ssms,316000,1.8877,0.0367
ssms,317000,1.7676,0.0544
ssms,318000,1.8015,0.0395
ssms,319000,1.7405,0.0632
ssms,320000,1.9668,0.0365
ssms,321000,1.8108,0.0447
ssms,322000,1.8117,0.0348
ssms,323000,1.8214,0.0366
ssms,324000,1.9383,0.0338
ssms,325000,1.8024,0.0474
ssms,326000,1.9287,0.0369
ssms,327000,1.7982,0.0608
ssms,328000,1.6992,0.0673
ssms,329000,1.9937,0.0449
ssms,330000,1.9255,0.0633
ssms,331000,1.9238,0.0599
ssms,332000,1.8486,0.0543
ssms,333000,1.9270,0.0537
ssms,334000,1.7859,0.0635
ssms,335000,2.0019,0.0575
ssms,336000,1.8352,0.0809
ssms,337000,1.9480,0.0674
ssms,338000,1.9893,0.0566
ssms,339000,1.9693,0.0432
ssms,340000,1.9193,0.0639
ssms,341000,2.0108,0.0563
ssms,342000,2.0108,0.0458
ssms,343000,2.1006,0.0395
ssms,344000,1.8741,0.0684
ssms,345000,2.2099,0.0581
ssms,346000,2.2066,0.0433
ssms,347000,2.1190,0.0441
ssms,348000,1.9388,0.0708
ssms,349000,2.1205,0.0473
ssms,350000,1.8400,0.0688
ssms,351000,2.1726,0.0511
ssms,352000,2.1539,0.0556
ssms,353000,2.1747,0.0482
ssms,354000,2.0717,0.0496
ssms,355000,2.0096,0.0710
ssms,356000,2.1610,0.0415
ssms,357000,2.1576,0.0503
ssms,358000,2.2520,0.0394
ssms,359000,2.1295,0.0489
ssms,360000,2.0996,0.0471
ssms,361000,2.0043,0.0510
ssms,362000,2.1023,0.0601
ssms,363000,2.1441,0.0527
ssms,364000,2.0186,0.0745
ssms,365000,2.0944,0.0464
ssms,366000,2.2537,0.0358
ssms,367000,2.1694,0.0558
ssms,368000,2.2734,0.0420
ssms,369000,2.3452,0.0327
ssms,370000,2.1171,0.0624
ssms,371000,2.0188,0.0606
ssms,372000,2.0251,0.0620
ssms,373000,2.2506,0.0428
ssms,374000,2.3065,0.0399
ssms,375000,2.0919,0.0649
ssms,376000,1.9935,0.0664
ssms,377000,2.0940,0.0476
ssms,378000,2.0922,0.0570
ssms,379000,1.9002,0.0687
ssms,380000,1.9059,0.0681
ssms,381000,2.1185,0.0545
ssms,382000,2.3017,0.0423
ssms,383000,2.2336,0.0462
ssms,384000,2.1508,0.0436
ssms,385000,2.3039,0.0547
ssms,386000,2.2044,0.0475
ssms,387000,2.2027,0.0563
ssms,388000,2.1665,0.0544
ssms,389000,2.3878,0.0341
ssms,390000,2.3606,0.0465
ssms,391000,2.1208,0.0645
ssms,392000,2.3348,0.0414
ssms,393000,2.3102,0.0475
ssms,394000,2.3385,0.0570
ssms,395000,2.3821,0.0554
ssms,396000,2.4334,0.0406
ssms,397000,2.4596,0.0429
ssms,398000,2.3702,0.0637
ssms,399000,2.2808,0.0520
ssms,400000,2.2016,0.0697
ssms,401000,2.4621,0.0565
ssms,402000,2.3233,0.0735
ssms,403000,2.4193,0.0568
ssms,404000,2.2808,0.0577
ssms,405000,2.5038,0.0479
ssms,406000,2.3280,0.0508
ssms,407000,2.2858,0.0547
ssms,408000,2.4451,0.0482
ssms,409000,2.3926,0.0470
ssms,410000,2.3332,0.0564
ssms,411000,2.2969,0.0739
ssms,412000,2.1925,0.0655
ssms,413000,2.4230,0.0514
ssms,414000,2.2640,0.0597
ssms,415000,2.2217,0.0649
ssms,416000,2.1235,0.0790
ssms,417000,2.3660,0.0583
ssms,418000,2.4881,0.0519
ssms,419000,2.3295,0.0753
ssms,420000,2.3351,0.0574
ssms,421000,2.5103,0.0484
ssms,422000,2.5745,0.0444
ssms,423000,2.4327,0.0534
ssms,424000,2.2928,0.0655
ssms,425000,2.5221,0.0613
ssms,426000,2.3960,0.0795
ssms,427000,2.5635,0.0574
ssms,428000,2.5731,0.0546
ssms,429000,2.2813,0.0905
ssms,430000,2.6867,0.0398
ssms,431000,2.4505,0.0743
ssms,432000,2.6917,0.0460
ssms,433000,2.5376,0.0812
ssms,434000,2.5991,0.0577
ssms,435000,2.4991,0.0586
ssms,436000,2.4534,0.0690
ssms,437000,2.6088,0.0659
ssms,438000,2.5731,0.0742
ssms,439000,2.7394,0.0646
ssms,440000,2.5915,0.0656
ssms,441000,2.5565,0.0722
ssms,442000,2.5527,0.0716
ssms,443000,2.4556,0.0822
ssms,444000,2.7677,0.0529
ssms,445000,2.5986,0.0603
ssms,446000,2.4993,0.0731
ssms,447000,2.6123,0.0661
ssms,448000,2.6985,0.0524
ssms,449000,2.7510,0.0512
ssms,450000,2.7503,0.0534
ssms,451000,2.6870,0.0598
ssms,452000,2.7489,0.0454
ssms,453000,2.6462,0.0500
ssms,454000,2.6408,0.0688
ssms,455000,2.7670,0.0556
ssms,456000,2.7217,0.0528
ssms,457000,2.6711,0.0648
ssms,458000,2.7224,0.0706
ssms,459000,2.8082,0.0494
ssms,460000,2.8029,0.0578
ssms,461000,2.6509,0.0783
ssms,462000,2.9173,0.0602
ssms,463000,2.9515,0.0421
ssms,464000,2.6661,0.0680
ssms,465000,2.8008,0.0630
ssms,466000,2.7263,0.0809
ssms,467000,2.8760,0.0566
ssms,468000,2.7170,0.0722
ssms,469000,2.9385,0.0516
ssms,470000,2.8678,0.0510
ssms,471000,2.8218,0.0552
ssms,472000,2.8325,0.0683
ssms,473000,2.8650,0.0566
ssms,474000,2.8632,0.0694
ssms,475000,2.7910,0.0674
ssms,476000,2.9216,0.0593
ssms,477000,2.8490,0.0665
ssms,478000,2.7634,0.0693
ssms,479000,2.7674,0.0615
ssms,480000,2.8651,0.0542
ssms,481000,2.5545,0.0679
ssms,482000,2.8001,0.0569
ssms,483000,2.7907,0.0734
ssms,484000,2.8176,0.0629
ssms,485000,2.8153,0.0558
ssms,486000,2.5421,0.0788
ssms,487000,2.7644,0.0586
ssms,488000,2.6592,0.0816
ssms,489000,2.8341,0.0611
ssms,490000,2.7226,0.0696
ssms,491000,2.6878,0.0739
ssms,492000,2.7855,0.0737
ssms,493000,2.7945,0.0597
ssms,494000,2.5021,0.0863
ssms,495000,2.8204,0.0673
ssms,496000,2.8217,0.0578
ssms,497000,2.7436,0.0614
ssms,498000,2.8585,0.0525
ssms,499000,2.8301,0.0671
ssms,500000,2.7895,0.0834
ssms,501000,2.6767,0.0769
ssms,502000,2.8551,0.0625
ssms,503000,2.8983,0.0706
ssms,504000,3.0309,0.0600
ssms,505000,3.0733,0.0538
ssms,506000,2.9428,0.0612
ssms,507000,3.0935,0.0484
ssms,508000,3.0076,0.0844
ssms,509000,2.9971,0.0545
ssms,510000,2.9399,0.0685
ssms,511000,3.0405,0.0716
ssms,512000,3.0891,0.0624
ssms,513000,3.0280,0.0631
ssms,514000,2.9594,0.0832
ssms,515000,2.9560,0.0745
ssms,516000,2.7651,0.0956
ssms,517000,2.7325,0.0701
ssms,518000,3.0195,0.0845
ssms,519000,2.7774,0.0626
ssms,520000,2.8830,0.0771
ssms,521000,3.0021,0.0711
ssms,522000,2.9772,0.0621
ssms,523000,2.8512,0.0789
ssms,524000,2.8098,0.0789
ssms,525000,2.8476,0.0681
ssms,526000,2.9868,0.0694
ssms,527000,3.0018,0.0614
ssms,528000,3.1938,0.0534
ssms,529000,3.1052,0.0822
ssms,530000,2.7834,0.0802
ssms,531000,2.8665,0.0725
ssms,532000,2.9898,0.0695
ssms,533000,3.2901,0.0643
ssms,534000,3.2475,0.0848
ssms,535000,3.0234,0.0607
ssms,536000,3.0080,0.0734
ssms,537000,3.0896,0.0833
ssms,538000,3.1851,0.0698
ssms,539000,3.2243,0.0588
ssms,540000,3.1051,0.0687
ssms,541000,3.2662,0.0610
ssms,542000,3.0794,0.0708
ssms,543000,3.3646,0.0626
ssms,544000,3.1014,0.0707
ssms,545000,3.2171,0.0823
ssms,546000,3.2664,0.0680
ssms,547000,3.2524,0.0980
ssms,548000,3.2821,0.0671
ssms,549000,3.1377,0.0817
ssms,550000,3.1650,0.0721
ssms,551000,3.2606,0.0825
ssms,552000,3.1397,0.0844
ssms,553000,3.3095,0.0794
ssms,554000,3.1108,0.0657
ssms,555000,3.0799,0.0844
ssms,556000,3.3008,0.0781
ssms,557000,3.0736,0.0836
ssms,558000,3.1648,0.0794
ssms,559000,3.0365,0.0896
ssms,560000,3.2413,0.0675
ssms,561000,3.2446,0.0732
ssms,562000,3.1793,0.0746
ssms,563000,3.1828,0.0686
ssms,564000,3.2626,0.0767
ssms,565000,3.1250,0.0839
ssms,566000,3.3288,0.0756
ssms,567000,3.2222,0.0779
ssms,568000,3.4744,0.0624
ssms,569000,3.0037,0.0945
ssms,570000,3.2108,0.0885
ssms,571000,3.2491,0.0782
ssms,572000,3.2405,0.0736
ssms,573000,3.1229,0.0766
ssms,574000,3.0542,0.1003
ssms,575000,3.0903,0.0786
ssms,576000,3.0380,0.0850
ssms,577000,3.2740,0.0962
ssms,578000,3.5367,0.0687
ssms,579000,3.1900,0.0998
ssms,580000,3.5878,0.0650
ssms,581000,3.4985,0.0889
ssms,582000,3.3398,0.0907
ssms,583000,3.2484,0.1007
ssms,584000,3.2041,0.0948
ssms,585000,3.4026,0.0791
ssms,586000,3.5012,0.0748
ssms,587000,3.1071,0.0937
ssms,588000,3.3782,0.0559
ssms,589000,3.3798,0.0822
ssms,590000,3.5974,0.0583
ssms,591000,3.1940,0.0989
ssms,592000,3.4626,0.0650
ssms,593000,3.2141,0.0842
ssms,594000,3.3395,0.0806
ssms,595000,3.4691,0.0797
ssms,596000,3.4724,0.0832
ssms,597000,3.5166,0.0602
ssms,598000,3.4878,0.0755
ssms,599000,3.2827,0.0937
ssms,600000,3.4714,0.0811
ssms,601000,3.4271,0.0965
ssms,602000,3.5291,0.0737
ssms,603000,3.5909,0.0759
ssms,604000,3.7291,0.0720
ssms,605000,3.5832,0.0880
ssms,606000,3.4787,0.0875
ssms,607000,3.6205,0.0790
ssms,608000,3.5761,0.0822
ssms,609000,3.5042,0.1011
ssms,610000,3.5554,0.0749
ssms,611000,3.6325,0.0709
ssms,612000,3.5996,0.0799
ssms,613000,3.4598,0.0870
ssms,614000,3.3685,0.1030
ssms,615000,3.6523,0.0772
ssms,616000,3.7040,0.0738
ssms,617000,3.7668,0.0769
ssms,618000,3.5595,0.0689
ssms,619000,3.6706,0.0638
ssms,620000,3.2624,0.1076
ssms,621000,3.5077,0.0928
ssms,622000,3.5985,0.0882
ssms,623000,3.5694,0.1059
ssms,624000,3.7892,0.0818
ssms,625000,3.5219,0.0944
ssms,626000,3.6575,0.0902
ssms,627000,3.5829,0.0857
ssms,628000,3.4804,0.0969
ssms,629000,3.7136,0.0949
ssms,630000,3.7930,0.0713
ssms,631000,3.6611,0.1017
ssms,632000,3.5261,0.0909
ssms,633000,3.8855,0.0665
ssms,634000,3.7981,0.0847
ssms,635000,3.9318,0.0708
ssms,636000,3.8255,0.0806
ssms,637000,3.7436,0.0844
ssms,638000,3.8883,0.0789
ssms,639000,3.8184,0.0791
ssms,640000,3.7372,0.0884
ssms,641000,3.8157,0.1006
ssms,642000,3.8044,0.0806
ssms,643000,3.6990,0.0785
ssms,644000,3.8670,0.0951
ssms,645000,3.7336,0.0959
ssms,646000,3.6204,0.1162
ssms,647000,3.9316,0.0841
ssms,648000,3.6805,0.0983
ssms,649000,3.9226,0.0802
ssms,650000,3.4659,0.1117
ssms,651000,3.9435,0.0602
ssms,652000,3.6829,0.0959
ssms,653000,3.7330,0.0953
ssms,654000,3.9071,0.0812
ssms,655000,3.7901,0.0821
ssms,656000,3.6379,0.0901
ssms,657000,3.4413,0.1000
ssms,658000,3.6362,0.0997
ssms,659000,3.4241,0.1064
ssms,660000,3.6275,0.0844
ssms,661000,3.8191,0.0909
ssms,662000,3.7782,0.1063
ssms,663000,3.8392,0.1032
ssms,664000,4.1789,0.0536
ssms,665000,4.0404,0.0808
ssms,666000,4.0296,0.0818
ssms,667000,3.7859,0.0860
ssms,668000,3.7868,0.0929
ssms,669000,3.9901,0.0831
ssms,670000,3.9967,0.0736
ssms,671000,4.1076,0.0919
ssms,672000,3.8626,0.1022
ssms,673000,4.1936,0.0648
ssms,674000,4.0704,0.0797
ssms,675000,4.0902,0.0803
ssms,676000,4.1595,0.0701
ssms,677000,4.0686,0.0886
ssms,678000,4.0088,0.0760
ssms,679000,3.7741,0.1020
ssms,680000,4.1035,0.0886
ssms,681000,4.0591,0.0935
ssms,682000,4.1028,0.0705
ssms,683000,4.0153,0.0923
ssms,684000,4.2878,0.0481
ssms,685000,4.1647,0.0910
ssms,686000,3.8506,0.1165
ssms,687000,4.0487,0.0965
ssms,688000,3.9788,0.0989
ssms,689000,4.0874,0.0911
ssms,690000,3.8894,0.0838
ssms,691000,4.2925,0.0619
ssms,692000,4.1173,0.0672
ssms,693000,3.7908,0.1085
ssms,694000,3.8854,0.1052
ssms,695000,4.1929,0.0765
ssms,696000,3.9742,0.1140
ssms,697000,4.0933,0.0772
ssms,698000,4.1692,0.0974
ssms,699000,3.8097,0.1121
ssms,700000,4.0962,0.1062
ssms,701000,3.9418,0.0893
ssms,702000,3.7631,0.1156
ssms,703000,3.9801,0.1020
ssms,704000,4.2028,0.0756
ssms,705000,3.8073,0.1182
ssms,706000,3.8660,0.0958
ssms,707000,3.9396,0.1139
ssms,708000,4.1526,0.0677
ssms,709000,4.1383,0.0900
ssms,710000,4.2387,0.0752
ssms,711000,4.3170,0.0901
ssms,712000,4.0086,0.1039
ssms,713000,4.0757,0.0947
ssms,714000,4.2876,0.0846
ssms,715000,4.1175,0.0912
ssms,716000,4.1184,0.1008
ssms,717000,4.2709,0.0930
ssms,718000,4.2179,0.1140
ssms,719000,4.2865,0.0817
ssms,720000,4.0350,0.1058
ssms,721000,4.1809,0.0891
ssms,722000,4.1282,0.0726
ssms,723000,4.0332,0.0834
ssms,724000,4.1189,0.0874
ssms,725000,4.2399,0.0856
ssms,726000,4.2975,0.1099
ssms,727000,4.2810,0.0917
ssms,728000,4.4499,0.0948
ssms,729000,4.4572,0.0825
ssms,730000,4.3018,0.0975
ssms,731000,4.1643,0.1000
ssms,732000,4.4580,0.0648
ssms,733000,4.3419,0.0963
ssms,734000,4.3722,0.0798
ssms,735000,4.3119,0.1024
ssms,736000,4.2447,0.1068
ssms,737000,4.2307,0.0933
ssms,738000,4.6414,0.0575
ssms,739000,4.2474,0.1040
ssms,740000,4.3421,0.0699
ssms,741000,4.1392,0.1175
ssms,742000,4.1520,0.1061
ssms,743000,4.4203,0.0739
ssms,744000,3.9577,0.1054
ssms,745000,4.4410,0.0674
ssms,746000,4.3850,0.0768
ssms,747000,4.1767,0.1167
ssms,748000,4.1427,0.1054
ssms,749000,4.4609,0.0859
ssms,750000,4.5904,0.0816
ssms,751000,4.7132,0.0665
ssms,752000,4.3131,0.1233
ssms,753000,4.4592,0.0934
ssms,754000,4.5923,0.1110
ssms,755000,4.2413,0.0936
ssms,756000,4.5322,0.1078
ssms,757000,4.3351,0.1213
ssms,758000,4.5692,0.0772
ssms,759000,4.1915,0.1172
ssms,760000,4.4043,0.1154
ssms,761000,4.5359,0.0880
ssms,762000,4.3960,0.1004
ssms,763000,4.3697,0.0995
ssms,764000,4.5827,0.0793
ssms,765000,4.7993,0.1367
ssms,766000,4.5659,0.0871
ssms,767000,4.5510,0.0809
ssms,768000,4.2674,0.0999
ssms,769000,4.5844,0.0745
ssms,770000,4.7570,0.0755
ssms,771000,4.6187,0.0781
ssms,772000,4.4632,0.1076
ssms,773000,4.2712,0.1199
ssms,774000,4.5680,0.0750
ssms,775000,4.8188,0.0599
ssms,776000,4.4179,0.1077
ssms,777000,4.6743,0.0749
ssms,778000,4.6565,0.0643
ssms,779000,4.1638,0.1083
ssms,780000,4.1539,0.1040
ssms,781000,4.5306,0.1110
ssms,782000,4.6931,0.0840
ssms,783000,4.4938,0.1038
ssms,784000,4.3235,0.1129
ssms,785000,4.4218,0.0877
ssms,786000,4.4563,0.0964
ssms,787000,4.6530,0.0913
ssms,788000,4.7887,0.0839
ssms,789000,4.7227,0.0980
ssms,790000,4.7589,0.0800
ssms,791000,4.4899,0.0996
ssms,792000,4.4753,0.1279
ssms,793000,4.7179,0.0903
ssms,794000,4.7766,0.0918
ssms,795000,4.4909,0.1012
ssms,796000,4.7055,0.0774
ssms,797000,4.4567,0.1300
ssms,798000,4.5883,0.1019
ssms,799000,4.6542,0.1039
ssms,800000,4.4125,0.1255
ssms,801000,4.4108,0.1068
ssms,802000,4.6112,0.1105
ssms,803000,4.8565,0.0792
ssms,804000,4.7951,0.0820
ssms,805000,4.7379,0.0879
ssms,806000,4.6835,0.0956
ssms,807000,4.6615,0.1062
ssms,808000,4.8009,0.0838
ssms,809000,4.2200,0.1183
ssms,810000,4.3657,0.1186
ssms,811000,4.3663,0.1462
ssms,812000,4.7433,0.1940
ssms,813000,4.4534,0.0992
ssms,814000,4.4120,0.1039
ssms,815000,4.4564,0.1111
ssms,816000,4.3485,0.1180
ssms,817000,4.6596,0.0859
ssms,818000,4.7375,0.0951
ssms,819000,4.5643,0.1027
ssms,820000,4.7482,0.0991
ssms,821000,4.6882,0.1091
ssms,822000,4.7295,0.1005
ssms,823000,4.7238,0.1025
ssms,824000,4.5735,0.1004
ssms,825000,4.7984,0.1144
ssms,826000,4.5704,0.1135
ssms,827000,4.4304,0.1412
ssms,828000,4.8750,0.0918
ssms,829000,4.8516,0.0788
ssms,830000,4.2609,0.1197
ssms,831000,4.8366,0.0897
ssms,832000,4.7944,0.1144
ssms,833000,4.7436,0.0998
ssms,834000,4.9172,0.0897
ssms,835000,4.9023,0.1062
ssms,836000,4.8863,0.0827
ssms,837000,4.5163,0.1424
ssms,838000,5.0416,0.0685
ssms,839000,4.7748,0.1092
ssms,840000,4.8934,0.1195
ssms,841000,4.8793,0.1075
ssms,842000,4.6641,0.1062
ssms,843000,4.7158,0.1066
ssms,844000,4.8190,0.1209
ssms,845000,4.7244,0.1038
ssms,846000,4.6048,0.1141
ssms,847000,4.4549,0.1547
ssms,848000,4.5874,0.1194
ssms,849000,4.7946,0.1124
ssms,850000,4.6804,0.1045
ssms,851000,4.8116,0.1326
ssms,852000,4.8501,0.1209
ssms,853000,4.9707,0.1165
ssms,854000,5.2913,0.0808
ssms,855000,5.2172,0.1107
ssms,856000,4.7548,0.1348
ssms,857000,5.1190,0.0973
ssms,858000,4.9665,0.1169
ssms,859000,4.7686,0.1149
ssms,860000,4.7775,0.1089
ssms,861000,4.7148,0.1148
ssms,862000,5.0059,0.1040
ssms,863000,4.7900,0.1197
ssms,864000,5.0078,0.0876
ssms,865000,4.8144,0.1174
ssms,866000,4.9992,0.0976
ssms,867000,4.8795,0.0876
ssms,868000,5.0940,0.1201
ssms,869000,4.8104,0.1146
ssms,870000,4.9296,0.0941
ssms,871000,4.9927,0.0834
ssms,872000,5.0383,0.0701
ssms,873000,4.8931,0.1042
ssms,874000,4.9047,0.0955
ssms,875000,4.6863,0.1255
ssms,876000,4.9661,0.0941
ssms,877000,4.7290,0.1163
ssms,878000,4.8775,0.1037
ssms,879000,4.8957,0.1144
ssms,880000,4.5101,0.1337
ssms,881000,4.8120,0.0912
ssms,882000,4.9694,0.1059
ssms,883000,5.0025,0.0916
ssms,884000,4.9541,0.1037
ssms,885000,5.1821,0.1148
ssms,886000,4.9891,0.0995
ssms,887000,4.9391,0.1327
ssms,888000,4.9806,0.0862
ssms,889000,5.0691,0.1042
ssms,890000,5.0040,0.1192
ssms,891000,5.2796,0.1004
ssms,892000,5.3506,0.0955
ssms,893000,5.2458,0.1142
ssms,894000,5.2847,0.1122
ssms,895000,5.1958,0.1231
ssms,896000,5.2771,0.1003
ssms,897000,5.2332,0.1170
ssms,898000,5.4696,0.1138
ssms,899000,5.4711,0.0871
ssms,900000,5.1945,0.1142
ssms,901000,5.3026,0.1171
ssms,902000,5.3053,0.1132
ssms,903000,5.0322,0.1085
ssms,904000,5.1171,0.1168
ssms,905000,5.1386,0.0931
ssms,906000,4.8492,0.1377
ssms,907000,5.2989,0.0902
ssms,908000,5.1397,0.1126
ssms,909000,5.2634,0.0941
ssms,910000,5.0604,0.1014
ssms,911000,4.9181,0.1172
ssms,912000,4.7679,0.1369
ssms,913000,5.2207,0.1139
ssms,914000,5.2850,0.1060
ssms,915000,4.9636,0.1080
ssms,916000,5.2370,0.1095
ssms,917000,4.8888,0.1426
ssms,918000,5.2057,0.1112
ssms,919000,5.1276,0.1275
ssms,920000,5.1447,0.1232
ssms,921000,5.0405,0.1269
ssms,922000,4.8227,0.1380
ssms,923000,5.0454,0.1153
ssms,924000,5.3239,0.1003
ssms,925000,5.3718,0.1234
ssms,926000,5.2142,0.1107
ssms,927000,5.3006,0.1235
ssms,928000,5.0569,0.1394
ssms,929000,5.2541,0.1354
ssms,930000,5.1460,0.1298
ssms,931000,5.4048,0.1238
ssms,932000,5.4962,0.1178
ssms,933000,5.5148,0.1362
ssms,934000,5.4562,0.0990
ssms,935000,5.5170,0.0829
ssms,936000,5.6659,0.0932
ssms,937000,5.1337,0.1256
ssms,938000,5.2585,0.1170
ssms,939000,5.3657,0.1170
ssms,940000,5.1722,0.1200
ssms,941000,5.4363,0.1369
ssms,942000,5.3741,0.1264
ssms,943000,5.4531,0.1124
ssms,944000,5.1830,0.1302
ssms,945000,5.4322,0.1206
ssms,946000,5.3961,0.1349
ssms,947000,5.6390,0.0937
ssms,948000,5.3513,0.1332
ssms,949000,5.2295,0.1350
ssms,950000,5.5331,0.1351
ssms,951000,5.5934,0.1216
ssms,952000,5.5389,0.1222
ssms,953000,5.7246,0.1626
ssms,954000,5.2912,0.1260
ssms,955000,5.7172,0.1277
ssms,956000,5.4908,0.1232
ssms,957000,5.4318,0.1221
ssms,958000,5.6472,0.1236
ssms,959000,5.4594,0.1176
ssms,960000,5.3851,0.1382
ssms,961000,5.3539,0.1151
ssms,962000,5.6583,0.1139
ssms,963000,5.3445,0.1236
ssms,964000,5.2157,0.1509
ssms,965000,5.8044,0.0924
ssms,966000,5.6371,0.1133
ssms,967000,5.1948,0.1534
ssms,968000,5.1754,0.1272
ssms,969000,5.1232,0.1200
ssms,970000,5.5370,0.1296
ssms,971000,5.2316,0.1428
ssms,972000,5.4455,0.1142
ssms,973000,5.4028,0.1090
ssms,974000,5.5032,0.1035
ssms,975000,5.4746,0.1176
ssms,976000,5.1411,0.1292
ssms,977000,5.4780,0.1252
ssms,978000,5.7859,0.0945
ssms,979000,5.3810,0.1298
ssms,980000,5.4910,0.1290
ssms,981000,5.2668,0.1178
ssms,982000,5.4118,0.1098
ssms,983000,5.4899,0.1298
ssms,984000,5.6519,0.1380
ssms,985000,5.4939,0.1164
ssms,986000,5.5659,0.1248
ssms,987000,6.0268,0.1037
ssms,988000,5.6669,0.1278
ssms,989000,5.6017,0.1239
ssms,990000,5.6264,0.1208
ssms,991000,5.7382,0.1212
ssms,992000,5.4032,0.1429
ssms,993000,5.6331,0.1386
ssms,994000,5.5459,0.1256
ssms,995000,5.7758,0.1359
ssms,996000,5.4991,0.1543
ssms,997000,5.7822,0.1385
ssms,998000,5.7007,0.1035
ssms,999000,5.5693,0.1435
